Name,JFF,LZQ,ZX,XZY,LZS,SM,ZQ,DR,DYM,TCY,LXL,ZYQ,LZM,MF,CH,WRQ,ZMR,CT,WHX,WHY,ZJHM,GH,ZXB,SLH,GHY,ZMH,LHZ,LDX,ZL,TKC
坦克,7,6,7,7,5,7,2,7,7,7,7,7,5,7,7,7,7,7,6,7,5,7,7,7,7,7,6,7,7,7
节目,4,7,7,7,7,6,2,5,3,7,7,5,7,5,7,6,3,7,7,7,6,5,4,7,7,3,4,6,3,7
旅客,6,5,7,7,7,7,6,4,3,7,7,6,7,6,7,7,7,7,7,6,6,7,7,7,6,2,7,6,6,7
士兵,6,5,7,5,6,7,2,5,6,7,7,7,7,7,7,7,7,7,7,6,6,7,7,7,6,5,5,7,6,7
饮料,7,7,7,7,7,7,7,6,4,7,7,7,7,5,7,7,7,7,7,7,7,7,7,7,7,5,6,7,7,7
纸,7,5,7,7,7,7,7,6,7,7,7,7,7,6,7,7,7,7,7,7,7,7,7,7,4,7,6,7,7,7
生活,1,6,4,2,1,6,1,3,2,4,5,5,5,2,3,4,2,4,6,2,5,1,2,4,2,3,2,5,2,6
珍珠,7,5,7,7,7,7,3,7,7,7,7,7,7,7,7,7,7,7,7,7,6,7,7,7,6,7,7,7,7,7
扇子,7,5,7,7,7,7,5,6,7,7,6,7,7,7,7,7,7,7,7,7,7,7,7,7,6,7,7,7,7,7
运动员,5,3,7,7,7,7,5,5,5,7,7,7,7,6,7,6,7,7,7,7,6,7,7,7,6,4,7,7,7,7
堡垒,7,6,7,7,5,7,3,6,6,7,7,7,7,5,7,7,7,7,7,7,6,7,3,7,7,5,6,7,7,7
案件,1,2,7,3,2,5,1,3,3,6,7,6,5,2,3,5,6,4,6,5,6,3,3,7,5,1,6,5,3,6
药草,5,7,7,7,7,6,3,3,4,7,7,7,7,5,7,7,7,7,7,7,6,7,7,7,7,6,6,6,6,7
雪橇,7,7,7,7,7,7,3,6,7,7,6,7,7,7,7,7,7,7,7,7,6,7,7,7,6,7,7,7,7,7
借口,1,3,3,1,3,2,1,1,1,3,5,4,7,2,1,4,4,4,7,4,5,1,2,4,2,1,2,5,1,2
肿瘤,3,4,4,4,5,5,1,2,4,7,4,7,7,4,7,7,6,3,4,4,4,4,7,4,3,2,1,7,7,4
教堂,6,7,7,7,6,7,4,6,6,7,7,7,7,5,6,7,6,7,7,7,6,7,7,7,6,7,6,7,7,7
建筑,7,7,7,7,6,7,7,7,4,7,7,6,7,4,7,6,7,7,7,7,7,7,7,7,5,5,7,7,6,6
五金,6,3,7,7,6,7,7,5,5,7,7,7,7,6,6,6,7,7,7,6,6,7,3,7,5,5,6,5,6,6
浪子,1,4,5,3,3,5,2,3,2,4,2,6,7,1,6,5,5,1,5,6,5,4,4,1,5,1,6,6,6,5
锅巴,7,7,7,7,7,7,5,5,7,7,7,7,7,7,7,7,7,7,7,7,7,7,7,7,6,7,6,7,7,7
面食,4,7,7,7,7,7,7,4,4,7,7,6,7,5,7,6,7,7,7,7,7,7,5,7,5,7,7,6,6,7
特征,1,3,7,3,4,4,1,1,1,4,5,6,7,2,4,3,4,4,6,4,4,1,4,4,1,1,2,7,4,5
照片,7,5,7,7,7,7,7,6,6,7,7,7,7,6,7,7,7,7,7,7,7,7,7,7,6,5,7,7,7,7
宗教,1,4,6,1,5,6,2,3,4,5,7,5,6,1,5,4,2,1,5,5,6,3,4,2,5,1,3,4,4,4
血液,7,6,7,4,7,6,4,7,7,7,7,7,7,7,7,7,7,7,6,7,7,7,7,7,2,6,5,5,7,6
水泥,5,6,7,7,7,7,7,6,3,7,7,7,7,7,6,7,7,7,7,7,6,7,7,7,6,7,7,5,7,7
垫子,7,6,7,7,7,7,6,6,4,7,7,7,7,6,7,7,7,7,7,7,7,7,7,7,5,7,7,7,6,7
偶像,7,3,7,5,5,7,6,4,5,6,7,7,7,4,7,7,7,7,7,6,6,7,7,7,4,2,3,7,6,7
矿物,5,6,7,5,5,6,4,6,5,5,7,7,7,4,7,6,7,7,7,7,5,7,7,7,6,6,6,6,6,7
盐,6,6,7,7,7,7,7,7,7,7,7,6,7,7,7,7,7,7,7,7,7,7,7,7,6,7,6,5,7,7
墙壁,7,6,7,7,7,7,7,6,7,7,7,7,7,7,7,7,7,7,7,7,7,7,7,7,7,7,6,6,7,7
美女,7,7,7,7,7,7,7,5,6,7,7,7,7,5,7,6,7,7,7,7,6,7,7,7,6,4,7,7,7,7
音乐,1,2,2,3,3,3,2,1,4,7,1,7,2,3,2,4,3,1,7,2,6,3,4,7,5,2,7,4,1,7
电影院,7,7,7,7,7,7,6,6,5,7,7,7,7,6,7,7,7,7,7,7,7,7,7,7,5,7,7,7,7,7
科学,1,1,2,2,4,3,1,1,4,6,3,5,7,3,1,5,2,1,4,3,2,2,3,4,3,2,4,5,2,3
蚕丝,6,6,7,7,7,6,4,3,6,7,7,7,7,7,7,7,6,7,7,7,6,7,7,7,6,7,5,5,7,6
方法,1,2,7,2,2,3,1,1,1,5,4,6,5,1,2,3,2,3,7,3,4,2,2,4,2,1,5,4,1,5
比例,1,2,3,2,2,4,1,3,2,7,5,6,5,1,1,2,2,1,7,3,5,7,6,1,2,3,6,5,2,5
电线,7,6,7,7,7,7,6,7,6,7,7,7,7,7,7,7,7,7,7,7,7,7,7,7,6,7,7,7,7,7
萌芽,4,3,7,4,6,5,3,6,3,3,7,6,3,2,7,6,5,1,7,7,3,7,2,4,2,1,2,7,2,5
象,7,5,7,7,7,7,5,7,7,7,7,7,7,7,7,7,6,7,7,7,6,7,7,7,7,6,6,7,7,7
同学,5,3,7,6,7,7,7,7,2,7,7,7,7,5,7,7,7,7,7,7,7,7,7,7,6,7,6,7,6,7
朋友,5,3,7,4,7,4,2,7,5,7,7,7,7,4,4,7,7,7,7,7,7,7,7,7,5,6,7,7,5,6
错误,2,2,3,1,4,3,1,2,2,3,5,4,5,2,1,6,2,4,7,4,5,2,2,4,1,1,2,7,2,5
温度,1,2,1,4,5,3,1,1,4,7,1,5,6,1,2,3,5,1,6,2,5,3,2,4,1,2,2,5,1,3
草,7,7,7,7,7,7,7,6,6,7,7,7,7,7,7,7,7,7,7,7,7,7,7,7,6,7,6,7,7,7
巫师,4,5,4,2,2,4,1,5,6,4,6,6,5,3,5,7,4,6,7,5,3,7,5,7,3,2,5,7,6,5
太阳,7,6,7,7,7,7,7,7,7,7,7,7,7,4,5,7,7,7,7,7,7,7,7,7,6,7,7,7,7,7
演员,4,2,7,7,6,6,6,6,5,7,7,6,7,6,7,6,5,7,7,7,6,7,7,7,6,5,7,7,6,7
水,7,6,7,7,7,7,7,6,6,7,7,7,7,6,7,7,6,7,7,7,7,7,7,7,6,7,7,5,7,7
工厂,7,4,7,7,7,7,2,7,3,7,7,6,7,7,7,7,6,7,7,7,4,7,7,7,5,6,6,7,7,7
英雄,3,3,7,4,5,5,4,5,5,7,7,7,7,4,5,5,4,4,7,6,6,5,7,4,5,3,3,7,4,6
木料,7,6,7,7,7,7,7,5,2,7,7,7,7,6,7,6,7,7,7,7,5,7,7,7,7,5,6,7,6,7
资料,4,4,7,4,6,5,6,4,4,7,6,7,7,4,7,6,6,4,7,7,7,3,7,7,3,2,5,7,2,6
现象,2,4,6,5,1,4,5,2,1,2,4,5,7,2,5,3,2,4,6,3,4,3,7,4,1,1,3,6,1,5
颜色,3,6,7,7,7,7,5,6,6,7,6,6,7,2,7,6,3,7,7,6,7,4,7,7,6,2,6,7,6,7
工作,1,5,7,2,3,6,2,4,2,4,4,6,7,3,7,5,4,4,6,3,6,4,4,4,2,1,4,5,3,6
战场,6,3,7,3,5,5,2,6,4,7,7,6,7,5,7,5,6,4,7,6,5,7,6,4,7,2,5,6,6,7
染料,7,4,7,7,7,5,4,4,4,7,7,7,7,7,7,6,6,7,7,7,6,7,7,7,6,2,5,5,6,7
菜肴,7,5,7,7,6,7,7,6,4,7,7,5,7,6,7,7,6,7,7,7,7,7,7,7,7,5,7,7,6,7
眼镜,7,7,7,7,7,7,7,7,7,7,7,7,7,7,7,7,7,7,7,7,6,7,7,7,6,7,7,7,7,7
点心,7,6,7,7,7,7,7,6,5,7,7,7,7,6,7,7,7,7,7,7,7,7,7,7,7,7,6,7,7,7
石,7,6,7,7,7,7,7,6,6,7,7,7,7,7,7,7,7,7,7,7,7,7,7,7,7,6,7,7,7,7
骨架,7,6,7,4,6,6,7,5,6,7,7,7,7,6,7,7,7,7,5,6,6,7,7,7,6,6,3,5,7,7
俘虏,4,2,4,3,5,7,3,2,4,7,6,6,7,2,7,7,7,7,7,6,5,7,7,7,5,5,4,4,3,7
触角,7,2,7,6,7,6,4,5,5,7,7,6,7,6,7,7,6,7,7,7,6,7,7,7,3,6,3,6,6,7
亲戚,4,2,7,7,5,7,4,4,3,7,5,6,7,4,5,6,6,7,7,7,7,7,7,7,6,1,6,6,5,7
驾驶员,5,6,7,7,7,7,7,6,5,7,7,6,7,7,7,7,7,7,7,7,7,7,7,7,7,3,7,7,6,7
别墅,7,6,7,6,7,7,4,6,6,7,7,7,7,7,7,7,7,7,7,7,6,7,7,7,6,6,7,7,7,7
骨骼,7,6,7,4,7,6,4,7,6,7,7,7,7,6,7,7,7,7,4,5,7,7,7,7,7,6,2,6,6,4
玻璃,7,6,7,7,7,7,7,7,5,7,7,7,7,7,7,7,7,7,7,7,7,7,7,7,7,7,5,7,7,7
成员,2,2,7,3,5,3,1,5,3,6,7,6,7,2,7,4,6,4,7,4,5,4,7,7,6,5,6,6,3,7
蜡烛,7,6,7,7,7,7,6,6,7,7,7,7,7,7,7,7,7,7,7,7,7,7,7,7,6,7,7,7,7,7
参谋,1,2,4,4,1,6,1,1,3,2,5,6,7,2,5,6,2,4,7,6,4,3,5,4,5,1,2,4,1,5
房间,7,6,7,7,6,7,7,5,5,7,7,6,7,6,7,7,7,6,7,7,7,7,7,7,6,6,7,7,7,7
弹药,7,6,7,7,5,7,2,6,5,7,7,6,7,5,7,6,7,4,7,7,2,7,7,7,6,7,7,6,7,7
肥料,7,6,7,7,7,7,3,4,2,7,7,7,7,2,7,6,7,7,7,7,6,7,7,7,6,2,7,6,7,7
拖把,7,6,7,7,7,7,7,5,7,7,7,7,7,7,7,7,7,7,7,7,7,7,7,7,7,7,7,7,7,7
孝子,2,1,7,5,4,5,1,2,4,5,4,5,7,4,6,5,6,7,6,6,5,7,7,7,2,3,7,7,5,6
山,7,7,7,7,7,7,7,7,6,7,7,7,7,7,7,7,7,7,7,7,7,7,7,7,6,7,7,7,7,7
界限,1,1,7,2,4,5,1,2,2,5,4,6,6,1,2,6,2,4,6,2,3,1,2,4,2,3,4,4,3,5
意图,1,3,3,1,4,3,1,2,1,2,4,4,5,2,1,3,2,4,5,4,4,1,6,7,1,1,2,4,1,3
筷子,7,7,7,7,7,7,7,7,7,7,7,7,7,7,7,7,7,7,7,7,7,7,7,7,7,7,7,7,7,7
巢穴,7,7,7,7,6,7,3,6,4,7,7,7,6,6,7,6,7,6,7,7,7,7,7,7,7,6,4,7,6,7
诉讼,1,2,5,2,2,5,1,2,4,3,3,5,5,1,1,5,3,4,6,5,6,3,2,4,3,1,2,6,2,6
刀具,7,5,7,7,7,7,7,6,5,7,7,7,7,7,7,7,7,4,7,7,7,7,7,7,5,7,6,6,6,7
学生,5,3,7,7,7,6,7,4,6,7,7,7,7,6,7,7,7,7,7,7,7,7,7,7,6,5,6,7,6,7
五谷,7,5,7,6,7,7,7,7,4,7,7,7,7,6,7,7,7,7,7,6,7,4,7,7,6,6,5,5,7,7
手套,7,7,7,7,7,7,6,6,7,7,7,7,7,7,7,7,7,7,7,7,7,7,7,7,5,7,6,7,7,7
仪表,7,4,7,5,5,7,4,4,3,4,7,7,7,4,1,6,7,7,6,6,6,7,7,7,5,7,6,6,5,6
农民,5,3,7,7,7,6,6,5,6,7,7,7,7,5,7,7,7,7,7,7,6,7,7,7,5,5,7,7,7,7
包裹,7,6,7,7,7,7,5,7,6,7,7,7,7,7,7,7,7,7,7,7,7,7,7,4,7,7,6,6,6,7
表面,1,1,6,5,5,5,2,3,1,5,7,6,7,1,3,6,4,1,5,5,4,2,7,4,1,1,6,5,1,6
流氓,4,3,7,5,5,5,3,5,3,6,7,7,7,4,7,7,7,5,7,7,6,7,7,7,7,4,2,7,6,6
国家,1,4,7,6,6,3,1,3,3,7,4,7,6,4,7,6,4,5,7,2,6,7,4,4,6,4,7,5,4,7
计划,1,4,4,4,2,4,1,4,3,4,7,5,4,2,2,5,2,1,5,3,4,4,3,4,2,1,5,4,1,5
树木,7,6,7,7,7,7,7,7,4,7,7,7,7,7,7,7,7,7,7,7,7,7,7,7,6,7,7,7,7,7
服务员,6,6,7,7,7,7,7,5,6,7,7,7,7,6,7,6,7,7,7,7,6,7,7,7,7,5,6,7,6,7
化妆品,7,6,7,7,7,7,6,7,4,7,7,7,7,6,7,7,7,7,7,7,7,7,7,7,6,6,6,6,7,7
棺材,7,6,7,7,7,7,4,7,6,7,6,7,7,7,7,7,7,7,7,7,6,7,7,7,6,7,7,7,7,7
图,4,4,7,7,5,7,3,7,4,7,7,7,7,5,7,6,3,7,7,7,7,7,7,7,7,1,7,7,6,7
陷阱,1,2,7,4,5,4,4,5,4,7,7,6,7,3,7,7,6,1,7,7,5,4,4,4,5,2,6,6,7,6
鹰,7,7,7,7,7,7,3,7,7,7,7,7,7,7,7,7,6,6,7,7,6,7,7,7,6,6,6,7,7,7
孕妇,6,6,7,7,7,5,5,6,6,7,7,7,7,6,7,7,6,7,7,7,6,7,7,7,7,6,7,7,6,7
缝纫,3,5,7,2,6,6,4,2,5,7,7,4,7,5,2,4,3,4,5,5,6,1,4,7,5,5,5,6,5,6
蚁,7,3,7,7,7,7,7,7,6,7,7,7,7,7,7,7,7,7,6,7,6,7,7,7,6,5,5,7,7,7
维生素,1,1,7,1,1,5,1,4,2,7,4,5,7,4,7,5,4,1,7,1,6,4,5,4,3,1,4,6,4,3
狗,7,5,7,7,7,7,7,7,7,7,7,7,7,7,7,7,6,7,7,7,7,7,7,7,6,7,6,7,7,7
调味品,6,2,7,7,7,7,7,5,4,7,7,7,7,6,5,7,7,7,7,7,7,7,7,7,7,5,7,6,7,7
子女,2,2,7,7,5,6,6,4,4,6,7,6,7,5,7,6,7,7,7,7,6,7,7,7,6,6,6,6,6,7
医生,7,6,7,7,7,7,7,6,6,7,7,7,7,7,7,7,7,7,7,7,6,7,7,7,7,5,7,7,7,7
疾病,4,3,4,4,4,4,2,4,3,4,4,4,5,2,2,5,2,4,4,5,4,4,5,7,2,1,4,5,4,6
粮食,5,2,7,7,7,7,7,7,3,7,7,7,7,6,7,6,7,7,7,6,7,7,7,7,6,4,7,5,6,7
财富,1,4,7,2,6,5,3,4,3,4,4,4,5,2,2,6,4,4,7,5,5,4,3,4,5,1,7,4,2,6
勇士,4,6,7,4,5,4,3,3,5,7,2,7,6,5,7,6,6,4,7,6,6,7,7,7,6,3,5,7,6,7
居民,3,6,7,5,7,7,6,3,2,7,7,7,7,5,7,6,5,4,7,6,7,7,7,7,7,4,7,7,5,7
思想,1,1,1,1,3,3,1,1,2,3,1,4,3,2,7,3,2,4,5,2,4,1,1,4,2,1,2,4,1,2
眼泪,7,6,7,7,7,7,7,6,7,7,7,7,7,6,5,7,6,7,7,7,7,7,7,7,6,6,7,6,7,6
能力,1,2,3,2,2,4,1,2,2,3,3,3,3,2,1,2,2,1,6,3,4,1,1,4,1,1,6,5,2,3
商店,6,6,7,7,7,7,7,7,5,7,7,7,7,5,7,7,6,7,7,7,7,7,7,7,6,6,7,7,7,7
仆人,6,4,7,4,7,5,4,5,5,7,7,7,7,7,7,7,7,7,7,6,6,7,7,7,6,5,6,7,6,7
陆地,5,5,7,3,7,7,6,6,4,7,7,6,7,7,7,7,6,7,7,6,7,7,7,7,5,6,6,6,6,7
夫妻,6,4,7,4,6,5,7,5,4,7,7,7,7,4,7,6,7,7,7,6,6,7,7,7,7,4,5,7,6,7
等级,1,2,7,1,4,4,1,2,3,4,5,5,5,2,2,4,1,1,4,2,5,1,6,1,1,1,4,5,1,3
地面,7,6,7,7,7,7,7,6,4,7,7,7,7,6,7,6,7,7,7,7,7,7,7,7,7,7,7,6,6,7
经验,1,2,2,1,5,4,1,1,1,5,1,4,5,2,1,5,2,1,6,1,4,1,1,4,2,2,2,4,2,6
怒火,1,4,4,1,6,3,1,1,2,3,3,5,4,3,2,4,2,4,5,4,5,2,2,4,1,2,2,4,3,6
鞭子,7,7,7,7,7,7,5,7,7,7,7,7,7,7,7,7,6,7,7,7,6,7,7,7,7,6,7,7,7,7
海豚,7,7,7,7,7,7,3,7,7,7,7,7,7,7,7,7,6,7,7,7,5,7,7,7,6,7,6,7,7,7
饲料,7,6,7,7,6,7,4,6,5,7,7,7,7,6,7,7,6,7,7,7,6,7,7,7,6,7,6,6,7,7
猫,7,7,7,7,7,7,7,7,7,7,7,7,7,7,7,7,7,7,7,7,7,7,7,7,7,7,7,7,7,7
字母,6,4,7,6,7,6,2,6,6,7,7,7,7,5,7,7,2,7,7,6,7,7,7,7,6,4,6,7,6,5
理想,1,2,1,1,4,2,1,3,2,3,3,4,3,1,1,3,2,1,4,2,3,1,2,4,3,2,3,4,2,2
枕头,7,6,7,7,7,7,7,7,7,7,7,7,7,7,7,7,7,7,7,7,7,7,7,7,5,7,7,7,7,7
气候,1,2,3,4,5,6,1,3,2,6,4,5,7,2,2,3,4,6,5,7,3,1,2,4,5,1,6,4,2,5
工资,1,3,7,4,5,5,3,1,2,7,6,6,7,4,1,5,4,7,7,7,5,7,5,7,7,1,6,5,6,6
战争,1,5,7,2,4,5,2,5,5,7,6,6,6,5,7,5,5,4,7,5,5,7,2,7,7,1,6,5,4,6
证书,7,3,7,7,7,7,5,6,5,7,7,7,7,6,7,7,6,6,7,7,7,7,7,7,5,7,6,7,6,7
牲畜,6,3,7,7,7,7,4,6,5,7,7,7,7,6,7,7,7,7,7,7,7,7,7,7,7,2,7,7,6,7
伤口,7,5,7,7,7,6,5,6,5,7,7,7,7,5,7,7,7,7,7,7,6,7,7,4,4,5,6,7,7,7
频率,1,2,2,2,2,4,1,2,3,4,4,4,7,1,2,5,2,1,6,1,4,3,6,4,6,4,2,4,1,4
鞋,7,6,7,7,7,7,7,7,7,7,7,7,7,7,7,7,7,7,7,7,7,7,7,7,7,7,6,7,7,7
坑道,6,6,7,5,6,7,7,5,5,7,7,6,7,6,7,6,7,7,7,7,5,7,7,7,6,1,7,6,6,7
政府,1,4,7,1,6,6,5,4,2,7,5,6,7,5,7,7,4,4,7,4,6,3,3,4,6,2,6,5,6,7
胖子,5,5,7,5,7,7,5,4,5,7,6,7,7,5,7,7,7,7,7,7,7,7,7,4,7,5,7,7,6,7
被告人,4,2,7,4,5,6,3,2,5,7,7,6,7,5,6,6,7,2,7,6,6,7,7,7,4,3,2,7,2,7
徽章,7,5,7,7,7,7,5,7,6,7,7,7,7,6,7,7,7,4,7,7,6,7,7,7,6,6,7,7,7,7
口,7,2,7,7,7,6,7,6,7,7,7,6,7,4,7,7,7,7,7,7,7,7,7,7,6,7,5,7,7,7
糖果,7,6,7,7,7,7,7,7,6,7,7,7,7,7,7,7,7,7,7,7,7,7,7,7,6,7,7,7,7,7
耳,7,6,7,7,7,7,7,7,6,7,7,7,7,6,7,7,7,7,7,6,7,7,7,7,7,7,6,7,7,7
趋势,1,2,4,2,5,4,1,5,3,6,6,5,5,2,2,6,2,1,5,4,5,1,2,4,2,1,2,4,2,5
距离,2,4,7,3,4,4,2,5,1,2,2,5,6,2,1,6,2,4,6,3,4,3,6,4,1,1,4,4,2,6
经济,1,2,3,1,4,3,1,2,1,4,4,3,6,2,2,5,1,4,7,1,4,1,1,4,2,1,5,4,3,4
沟渠,6,6,7,4,7,7,5,6,5,7,3,6,7,5,7,6,7,7,7,7,5,7,7,7,2,2,5,7,7,7
意志,1,1,1,2,3,4,1,2,2,2,4,4,3,1,1,2,3,1,5,4,4,1,1,1,1,1,3,4,2,5
怪人,4,3,7,3,6,5,2,5,3,4,6,6,7,4,7,5,6,4,6,5,5,7,7,1,2,3,6,7,6,7
贵族,4,3,7,3,6,6,2,5,4,6,5,6,7,4,7,6,4,4,4,6,5,7,4,7,7,3,5,5,6,7
罪行,1,2,3,2,6,6,1,1,2,4,4,4,5,1,4,5,2,3,6,5,5,2,6,4,1,1,3,3,2,5
皮肤,7,5,7,7,7,7,7,7,6,7,7,6,7,7,7,6,7,5,7,7,7,7,7,7,6,6,7,5,7,7
水果,7,5,7,7,7,7,7,7,5,7,7,6,7,6,7,6,7,7,7,7,7,7,7,7,6,6,7,7,7,7
顾客,6,4,7,7,5,7,7,5,5,7,7,7,7,6,7,6,7,7,7,7,6,7,7,7,5,4,7,7,6,7
版本,1,1,6,2,1,5,1,1,1,3,3,5,3,2,7,3,1,2,5,3,5,1,5,7,2,1,2,4,2,5
医院,7,7,7,7,7,7,7,7,6,7,7,7,7,7,7,7,7,7,7,7,7,7,7,7,5,7,7,7,7,7
皮革,7,5,7,7,7,6,3,5,5,7,7,7,7,7,7,6,7,7,7,7,6,7,7,7,7,5,5,7,7,7
细菌,1,2,1,3,5,3,2,1,5,7,7,7,7,2,7,7,5,3,4,4,5,7,7,4,2,4,1,5,7,4
道路,7,5,7,6,7,7,7,6,5,7,7,7,7,7,7,7,7,6,7,7,7,7,7,7,7,6,6,7,7,7
兴趣,1,2,4,1,5,2,1,2,1,7,2,4,3,1,1,3,4,4,7,4,4,2,2,2,1,1,4,5,2,5
折扣,1,3,3,1,2,5,1,2,2,7,5,5,7,2,1,5,3,1,4,7,6,4,2,1,2,2,5,6,2,6
针线,7,6,7,7,7,7,6,5,7,7,7,7,7,7,7,7,7,7,7,7,5,7,7,7,7,7,7,6,7,7
波浪,7,5,7,7,7,7,5,6,6,7,7,6,7,4,7,7,5,4,7,6,6,7,7,7,4,6,6,5,7,7
物体,4,4,7,6,2,6,5,5,4,6,7,7,7,5,7,7,7,4,6,7,7,6,7,7,5,3,7,5,5,5
内心,1,1,1,1,1,2,1,1,1,5,2,3,5,1,1,2,2,1,4,2,4,1,1,1,1,1,5,4,1,1
阻力,1,3,4,1,5,3,1,2,2,3,4,5,4,2,3,3,2,4,7,4,5,1,2,4,1,2,2,4,1,2
湖泊,7,7,7,7,7,7,5,6,5,7,7,7,7,6,7,7,7,7,7,7,6,7,7,7,7,6,7,6,7,7
角落,7,5,7,4,6,6,5,5,3,7,7,6,7,3,5,7,3,7,7,6,7,7,7,7,3,1,7,7,7,6
身高,1,5,7,3,6,7,2,4,2,7,7,6,7,3,2,5,6,6,7,5,6,2,7,7,3,1,6,7,6,6
设备,5,5,7,7,7,7,5,6,5,6,7,6,7,5,7,7,7,7,7,7,6,3,7,4,7,4,7,6,6,6
蜘蛛,7,7,7,7,7,7,6,7,7,7,7,7,7,7,7,7,6,7,7,7,7,7,7,7,6,7,2,7,7,7
石油,4,4,7,7,6,6,2,6,6,7,7,5,7,7,7,7,7,7,6,7,6,7,7,7,5,6,5,5,7,7
声音,1,1,4,1,3,2,1,1,1,7,1,5,2,1,3,5,1,1,7,1,1,1,2,4,2,1,2,3,1,6
会议,3,4,7,3,6,6,4,5,4,7,5,7,7,4,5,6,2,7,7,6,6,7,3,7,4,5,5,7,3,6
鸭,7,7,7,7,7,7,5,6,7,7,7,7,7,7,7,7,7,7,7,7,7,7,7,7,7,7,7,7,7,7
内容,1,2,4,2,3,5,1,1,2,4,5,5,4,2,2,4,2,4,6,5,6,1,7,4,2,1,4,5,4,4
头,7,4,7,7,6,7,7,7,6,7,7,7,7,7,7,7,5,7,7,7,7,7,7,7,7,5,7,7,7,7
道德,1,1,7,1,4,3,1,1,1,4,4,4,4,2,2,2,3,1,7,1,4,1,1,4,1,1,4,5,1,6
骆驼,7,7,7,7,7,7,3,7,7,7,7,7,7,7,7,7,7,7,7,7,5,7,7,7,4,7,6,7,7,7
走廊,7,6,7,7,7,7,4,6,5,7,7,6,7,5,7,7,7,7,7,7,7,7,7,7,6,7,6,7,6,7
名声,1,6,2,1,3,2,1,2,1,4,4,5,6,1,3,4,2,1,6,2,4,1,1,4,2,2,3,4,2,4
主持人,6,4,7,7,7,7,5,5,6,7,7,6,7,5,7,7,7,7,7,7,6,7,7,7,7,5,6,7,6,7
生物,4,3,7,4,3,5,1,5,5,6,7,5,7,2,7,5,7,6,7,7,5,7,7,4,5,2,5,6,6,6
乐器,5,5,7,7,7,7,6,6,5,7,7,7,7,4,7,6,7,7,7,7,6,7,7,7,6,6,6,7,7,7
椅子,7,7,7,7,7,7,5,6,7,7,7,7,7,7,7,7,7,7,7,7,7,7,7,7,6,7,7,7,7,7
煤,7,7,7,7,6,7,4,6,6,7,7,7,6,7,7,5,7,7,7,7,6,7,7,7,7,7,7,7,7,7
商人,6,4,7,6,6,5,5,5,5,7,7,6,7,6,7,7,5,7,7,7,6,7,7,7,6,4,6,7,6,7
尿,7,6,7,4,7,7,7,4,6,7,7,7,7,5,2,7,6,7,7,7,7,7,7,7,5,6,7,7,6,6
种子,6,5,7,7,7,7,3,5,6,7,7,7,7,5,5,6,7,7,7,7,6,7,7,7,6,5,6,7,7,7
赌徒,4,4,7,3,7,6,2,5,3,5,5,7,7,6,7,7,7,7,7,6,6,7,7,7,6,3,5,7,6,7
诱饵,3,3,7,7,3,4,3,3,3,7,7,6,4,2,2,5,5,4,7,5,6,7,4,4,1,2,3,6,3,6
规则,1,2,3,1,4,4,1,1,2,7,5,5,5,2,7,4,2,1,5,4,5,3,4,4,1,2,5,4,1,5
记者,6,6,7,7,7,7,4,5,5,7,7,7,7,5,5,7,6,7,7,7,6,7,7,7,7,5,5,7,6,7
岛屿,7,5,7,4,6,7,5,7,4,7,7,7,7,6,7,7,6,7,7,7,5,7,7,7,4,1,6,7,6,7
核心,1,2,2,2,4,4,1,1,2,5,5,4,6,2,2,5,3,7,3,1,5,1,2,4,2,1,2,4,1,4
球,7,6,7,7,7,7,6,7,7,7,7,7,7,6,7,7,7,3,7,7,7,7,7,7,6,7,7,7,7,7
尖,6,6,7,1,7,6,5,5,2,6,7,4,7,1,6,6,4,4,6,6,6,7,7,4,4,1,3,6,2,5
卡片,7,5,7,7,7,7,7,6,6,7,7,7,7,7,7,7,7,4,7,7,6,7,7,7,6,6,7,7,7,7
强盗,5,5,7,6,6,6,2,6,6,6,7,7,7,6,7,7,6,4,7,6,5,7,7,7,6,2,3,7,6,7
分歧,1,2,3,1,5,4,1,1,1,4,4,4,5,2,2,4,2,1,4,2,4,1,2,1,1,1,4,4,2,5
想法,1,3,2,1,2,4,1,1,2,3,6,5,3,2,7,5,1,1,6,3,4,4,1,2,2,1,6,3,1,1
海洋,7,7,7,7,7,7,5,7,5,7,7,7,7,6,7,7,7,7,7,7,7,7,7,7,6,6,6,7,7,7
广场,7,5,7,7,6,7,7,6,6,7,7,7,7,3,7,7,7,7,7,7,7,7,7,7,4,7,7,7,7,7
罐子,7,6,7,7,7,7,6,6,6,7,7,7,7,5,7,7,7,7,7,7,7,7,7,7,7,7,7,7,7,7
数量,1,2,6,3,6,6,1,4,2,2,6,4,6,1,5,2,2,4,7,5,6,3,4,2,2,1,5,6,4,6
飞机,7,7,7,7,7,7,7,6,6,7,7,7,7,7,7,7,7,7,7,7,7,7,7,7,6,7,7,7,7,7
权力,1,4,7,1,4,3,2,2,1,2,6,3,5,1,2,4,3,1,4,4,5,1,1,4,2,1,3,4,2,5
内脏,6,5,5,4,6,4,2,6,7,7,7,7,7,7,7,7,6,4,5,5,3,7,7,4,6,7,2,5,6,5
儿童,7,5,7,7,7,7,7,7,6,7,7,6,7,6,7,7,5,7,7,7,7,7,7,7,6,2,7,7,7,7
荣誉,1,3,7,2,3,5,1,2,2,6,7,5,4,2,2,6,2,4,7,4,4,5,7,7,2,4,5,5,2,5
温室,6,1,7,3,6,7,4,6,7,5,5,7,7,2,5,6,5,7,7,7,5,7,7,4,7,2,6,6,7,7
警察,7,6,7,7,7,7,6,6,6,7,7,6,7,7,7,6,7,7,7,7,7,7,7,7,5,6,6,7,6,7
产业,1,3,5,2,5,5,1,2,1,2,2,5,6,2,4,6,4,4,6,2,6,2,4,4,5,1,6,5,2,4
水蚤,7,5,7,6,3,5,3,6,7,6,7,7,7,7,7,7,7,7,3,6,5,7,7,7,2,7,2,6,7,6
作品,4,3,7,6,5,6,5,5,4,7,7,6,7,3,5,5,7,7,6,7,6,4,7,7,2,1,6,6,5,7
屏风,7,7,7,7,7,7,3,6,6,7,7,7,7,7,7,7,7,7,7,7,6,7,7,7,4,7,5,7,7,7
簸箕,7,7,7,7,7,7,3,6,7,7,7,7,7,7,7,7,7,7,7,7,6,7,7,7,6,7,5,5,7,3
注解,1,3,7,5,5,6,5,1,3,6,7,6,7,1,6,6,5,7,5,7,6,4,7,7,2,2,6,6,2,6
衣服,7,6,7,7,7,7,7,6,6,7,7,7,7,6,7,7,7,7,7,7,7,7,7,7,6,7,7,6,7,7
爱情,1,2,2,2,6,4,1,2,3,5,3,4,5,1,2,4,2,4,5,2,6,1,2,1,2,2,7,4,2,6
坟墓,7,6,7,6,7,7,4,6,6,7,7,7,7,7,5,7,7,7,7,7,5,7,7,7,7,6,7,7,7,7
饮食,1,4,7,2,5,7,3,5,3,7,5,5,7,3,7,5,6,7,6,6,7,3,5,7,5,2,7,7,5,7
题材,1,1,5,2,3,3,1,1,2,6,5,5,5,3,7,4,2,4,7,3,4,1,2,2,6,1,6,4,3,5
虾,7,7,7,7,7,7,7,7,7,7,7,7,7,7,7,7,7,7,7,7,6,7,7,7,6,7,6,7,7,7
矮子,6,5,7,5,5,7,4,4,6,7,7,7,7,2,7,6,5,7,7,7,5,7,7,4,7,3,6,7,6,7
目的,1,2,3,1,4,2,1,1,1,4,2,5,5,2,2,4,2,1,7,1,2,3,2,4,2,1,6,4,1,3
模具,6,4,7,7,4,7,6,5,6,7,7,7,7,5,7,6,6,4,7,7,6,7,7,7,7,2,7,5,7,7
细胞,1,6,1,3,5,5,1,2,5,7,4,7,7,4,7,5,5,3,4,2,6,7,7,4,1,6,2,4,6,3
女人,6,5,7,6,7,7,7,7,6,7,7,7,7,5,7,7,7,7,7,7,7,7,7,7,7,5,7,7,6,7
狼,7,7,7,7,7,6,4,6,7,7,7,7,7,7,7,7,7,7,7,7,5,7,7,7,7,7,7,7,7,7
姿势,1,3,7,2,5,7,1,4,3,4,5,6,7,2,7,6,3,7,7,6,6,5,7,7,1,2,5,4,6,7
蜥蜴,7,7,7,7,5,7,3,7,7,7,7,7,7,7,7,7,7,7,7,7,5,7,7,7,4,7,6,7,7,7
遗迹,4,5,7,5,5,5,4,5,2,7,7,5,7,4,7,6,7,4,7,7,6,7,7,7,3,7,6,5,6,7
电报,7,4,7,5,5,5,3,6,4,4,7,7,6,6,7,7,3,4,4,6,3,7,7,7,5,4,5,7,6,7
胡同,6,6,7,7,7,7,4,6,5,7,7,7,7,5,7,7,7,7,7,7,6,7,7,7,5,6,7,7,7,7
体格,1,4,7,1,2,7,1,2,4,5,5,6,7,4,7,4,7,7,7,6,5,2,2,7,2,2,5,5,5,7
云,7,6,7,7,7,7,7,7,6,7,7,7,7,4,7,7,6,7,7,7,7,7,7,7,5,7,7,7,7,7
标准,1,2,7,2,4,4,1,1,2,4,1,4,5,2,2,4,2,4,4,3,4,1,3,4,2,2,4,5,2,5
雪,7,3,7,7,7,7,5,7,7,7,7,7,7,7,7,7,7,7,7,7,6,7,7,7,6,6,7,7,7,7
杂志,7,5,7,5,7,7,7,7,4,7,7,7,7,5,7,7,7,7,7,7,7,7,7,7,7,7,6,7,7,7
雾,7,4,7,4,7,7,5,6,6,7,7,7,7,4,5,7,4,7,7,6,6,7,7,7,7,5,6,4,7,7
处方,1,3,5,6,3,7,3,4,4,7,7,7,7,4,5,6,7,1,7,7,6,4,7,7,6,2,5,7,2,7
法律,1,2,7,3,4,4,1,3,4,6,5,5,5,5,7,5,3,4,6,5,4,2,7,7,2,3,4,5,2,5
领导,4,4,7,5,6,6,6,5,3,6,7,7,7,2,7,7,4,4,7,7,6,7,7,4,7,3,5,7,6,6
皇宫,7,5,7,7,6,7,3,7,6,7,7,7,7,7,7,6,7,7,7,7,5,7,7,7,7,6,6,7,7,7
宇宙,5,5,2,2,3,4,1,6,5,7,7,6,6,2,7,4,5,4,5,3,5,3,7,4,2,4,2,5,6,5
人民,1,4,7,6,5,5,7,3,3,7,7,6,7,4,7,5,7,7,7,5,7,4,2,7,7,3,5,7,4,6
花朵,7,6,7,7,7,7,7,7,7,7,7,7,7,6,7,7,7,7,7,7,7,7,7,7,7,7,7,7,7,7
贫血,1,2,7,1,3,4,1,1,2,4,3,4,6,1,3,4,3,3,7,5,5,2,6,4,2,2,2,4,2,2
文化,1,3,3,2,3,4,1,1,2,7,4,5,5,2,1,5,1,4,6,1,4,1,2,4,2,2,3,3,2,5
胡子,7,6,7,7,6,7,7,7,6,7,7,7,7,7,7,7,7,7,7,7,6,7,7,7,6,7,7,7,7,7
屋檐,7,6,7,7,6,7,7,5,7,7,7,7,7,7,7,7,7,7,7,7,6,7,7,7,6,7,6,7,7,7
树荫,7,5,7,7,7,7,6,6,6,7,7,6,7,5,7,7,6,3,7,7,6,7,7,7,6,1,6,7,7,7
遭遇,1,2,7,1,3,2,1,1,1,2,5,4,6,2,2,5,2,4,4,3,4,1,2,1,2,2,2,5,2,5
责任,1,3,3,2,2,2,1,1,2,5,5,6,3,1,1,4,3,1,4,1,6,1,1,4,2,2,3,6,1,6
猎手,4,6,7,5,6,7,1,5,6,4,7,7,7,5,7,7,7,4,7,6,5,7,2,7,6,4,4,6,6,6
蔬菜,7,5,7,7,7,7,7,7,5,7,7,7,7,6,7,7,7,7,7,7,7,7,7,7,6,7,7,7,7,7
铁,7,6,7,7,7,4,6,6,6,7,7,7,7,7,7,7,7,7,7,7,5,7,5,7,6,6,7,7,6,7
玩具,7,5,7,7,7,7,7,6,6,7,7,7,7,7,7,7,7,7,7,7,7,7,7,7,7,6,6,7,7,7
名人,2,3,7,5,5,6,3,5,3,6,7,6,7,3,6,6,7,7,7,6,6,4,7,7,6,2,5,7,6,7
气,5,5,5,3,5,2,3,2,3,5,7,6,7,1,4,6,4,7,2,1,1,7,1,4,4,2,6,3,7,6
邻居,3,2,7,7,7,5,6,5,2,6,7,6,7,5,7,7,6,7,7,7,7,7,7,7,5,6,6,7,6,6
绘画,2,3,5,7,3,7,2,5,5,7,7,7,7,5,7,6,3,7,7,7,6,6,7,4,3,5,7,5,6,7
盒子,7,6,7,5,7,7,7,7,7,7,7,7,7,7,7,7,6,7,7,7,7,7,7,7,6,7,7,7,7,7
专家,2,3,7,4,3,5,5,4,2,6,6,6,7,4,7,5,6,7,7,6,6,7,7,7,6,2,5,7,5,6
中介,2,4,7,6,6,5,3,5,4,7,7,6,7,3,4,5,2,7,7,4,6,4,7,7,5,1,4,6,5,7
灰尘,1,6,7,4,6,4,6,5,6,7,7,5,6,3,5,6,7,4,7,6,7,7,7,4,7,7,7,4,7,6
小说,5,5,7,5,6,7,3,5,6,7,7,7,7,5,7,7,6,7,7,6,6,7,7,7,4,3,6,5,4,7
胶,6,5,6,7,7,7,4,5,4,7,7,7,7,5,7,7,6,7,7,5,6,7,7,7,7,5,6,5,7,7
龟,7,7,7,7,7,7,5,7,6,7,7,7,7,7,7,7,7,7,7,7,5,7,7,7,6,6,7,7,7,7
新娘,5,6,7,7,7,7,5,6,6,7,7,6,7,5,7,7,7,7,7,7,5,7,7,7,4,6,7,7,7,7
病人,4,4,7,6,6,4,3,5,4,7,7,7,7,6,7,7,7,7,7,7,6,7,7,7,7,4,2,7,6,6
背,6,6,7,6,7,7,7,6,6,5,7,7,7,6,7,7,7,7,7,7,7,7,7,7,2,1,6,7,6,7
轮胎,7,7,7,7,7,7,7,7,7,7,7,7,7,7,7,7,6,7,7,7,7,7,7,7,6,7,7,6,7,7
货币,7,5,6,4,7,5,7,5,5,7,7,7,7,5,7,7,6,7,7,6,7,7,7,7,5,6,7,6,6,7
文具,5,3,7,7,7,7,7,7,6,7,7,7,7,7,7,7,7,7,7,7,7,7,7,7,7,7,7,6,6,7
工程,1,4,6,2,3,6,3,4,4,7,7,4,7,3,4,4,3,7,7,4,6,7,3,7,2,4,7,5,2,6
荒地,7,6,7,6,5,7,4,5,4,7,6,7,7,6,6,6,7,7,7,7,5,7,7,7,5,2,7,7,7,7
园林,6,5,7,7,6,7,5,5,5,7,7,7,7,6,7,6,6,6,7,7,5,7,7,7,6,7,7,6,7,7
水库,6,6,7,7,7,7,3,5,7,6,7,7,7,7,7,7,7,7,7,7,5,7,7,7,6,6,6,6,7,7
闪电,7,6,7,7,7,7,6,7,7,7,7,7,7,7,7,7,7,6,7,7,5,7,7,7,6,4,7,7,6,7
仓库,5,3,7,7,5,7,5,5,5,7,6,7,7,6,7,5,7,7,7,7,7,7,7,7,5,6,6,6,7,7
城市,5,7,7,3,6,7,6,6,3,7,7,6,7,4,7,7,4,6,7,4,6,7,7,7,7,7,7,6,7,7
前途,1,2,7,1,4,4,1,1,1,3,4,6,3,1,1,5,1,3,5,1,5,1,1,4,2,2,5,3,1,4
途径,1,3,7,2,3,3,1,2,4,4,4,5,6,1,3,4,2,2,5,3,4,1,1,4,2,2,6,5,2,3
肥皂,7,7,7,7,7,7,5,6,7,7,7,7,7,7,7,7,7,7,7,7,7,7,7,7,5,7,6,7,7,7
缺点,1,3,2,2,5,4,1,2,2,6,6,6,6,2,1,5,2,1,6,3,5,1,1,7,2,2,6,5,2,4
监狱,7,5,7,6,5,6,3,6,5,7,7,7,7,6,7,5,7,7,7,7,6,7,7,7,6,6,2,6,7,7
资本家,1,3,7,2,3,6,2,5,2,7,6,6,7,6,6,5,4,7,7,6,5,7,7,7,7,4,5,6,6,7
教徒,4,2,7,7,3,6,2,6,6,3,6,6,7,6,7,5,7,7,7,6,5,7,7,7,6,4,6,7,6,6
难民,4,3,7,6,5,6,3,5,4,6,7,6,7,5,7,7,6,4,7,6,6,7,7,7,6,7,3,7,6,7
工人,3,5,7,7,6,7,7,4,7,7,7,7,7,6,7,6,7,7,7,7,7,7,7,7,6,5,6,7,6,7
难题,1,4,7,2,3,3,1,2,2,3,4,5,6,1,2,6,3,4,7,2,6,2,2,7,5,4,6,6,2,5
胶片,7,5,7,7,4,6,3,5,6,6,7,7,7,4,7,7,7,7,7,7,5,7,5,7,6,7,5,7,7,7
火箭,7,6,7,7,7,7,1,6,6,7,7,7,7,7,7,7,7,7,7,7,6,7,7,7,5,7,7,7,7,7
海参,7,5,7,7,7,7,4,7,7,7,7,7,7,7,7,7,7,7,7,7,6,7,7,7,4,7,4,7,7,7
纽扣,7,6,7,7,7,7,7,7,7,7,7,7,7,7,7,7,7,7,7,7,7,7,7,7,5,7,7,7,7,7
电影,2,4,7,5,7,7,7,3,5,7,7,7,7,6,7,7,5,7,7,7,7,7,7,7,6,5,7,7,6,7
炉子,7,5,7,7,7,7,4,6,6,7,7,7,7,7,7,7,7,7,7,7,6,7,7,7,6,7,6,6,7,7
蝗虫,7,5,7,7,7,6,4,7,7,7,7,7,7,7,7,7,7,7,7,7,6,7,7,7,6,7,4,7,7,7
团体,1,3,7,3,6,4,4,3,3,4,7,6,6,5,7,5,6,4,7,6,6,4,5,4,6,3,6,4,4,5
号码,1,4,7,6,6,4,4,2,5,7,5,5,7,4,4,7,4,4,7,5,7,7,7,7,6,1,7,5,6,6
昆虫,5,5,7,7,7,7,6,7,5,7,7,7,7,7,7,6,7,7,7,7,6,7,7,7,7,5,7,6,7,7
丝绸,7,6,7,7,7,7,4,5,5,7,7,7,7,6,7,7,7,7,7,7,7,7,4,7,6,7,6,7,7,7
车站,7,6,7,7,7,7,5,6,5,7,7,7,7,6,7,7,7,7,7,7,7,7,7,7,6,7,7,7,7,7
政策,1,2,4,2,3,4,1,3,1,6,3,4,5,2,2,4,2,1,4,4,4,2,7,7,1,1,5,5,1,6
瀑布,7,7,7,7,7,7,4,7,7,7,7,7,7,7,7,7,6,7,7,7,6,7,7,7,6,7,6,7,7,7
邀请,3,6,7,1,2,5,5,4,4,6,7,6,6,2,7,7,4,7,7,4,4,3,7,7,7,6,6,4,4,6
回报,2,2,5,1,3,3,2,2,2,3,5,7,7,1,5,6,4,7,4,3,4,3,2,4,6,1,4,6,3,6
通信,5,5,3,2,5,4,2,5,3,7,2,5,7,2,7,7,4,6,7,4,4,1,7,4,6,1,2,6,2,6
喜欢,4,3,7,2,4,3,2,3,3,6,6,6,6,3,2,6,6,7,5,4,5,4,2,7,5,3,2,4,2,6
主持,5,6,7,4,5,5,5,6,7,7,6,7,7,6,7,7,6,7,7,6,5,5,7,7,6,3,6,7,6,7
免疫,1,4,4,1,1,3,2,2,3,4,5,4,3,2,3,2,4,7,5,2,4,1,4,4,2,1,1,3,1,5
灌溉,1,5,7,1,6,5,5,5,7,7,6,5,7,7,7,7,4,7,7,6,6,7,7,7,5,7,4,4,7,7
射击,7,6,7,7,6,6,5,7,6,7,7,7,7,7,7,7,6,7,7,7,5,7,7,7,7,7,7,7,7,7
教育,5,3,7,3,4,6,2,2,2,6,7,6,6,6,7,7,4,7,7,4,4,4,6,7,7,2,2,3,4,6
孤立,4,3,7,1,3,5,1,3,1,3,6,7,6,3,2,6,4,7,7,4,5,2,7,4,4,1,5,3,5,5
飘,3,3,7,1,5,7,5,6,7,6,6,7,7,5,7,7,4,7,7,6,5,1,7,7,5,1,3,6,7,7
打雷,1,6,7,1,5,6,5,2,7,7,7,7,7,7,5,7,4,7,7,3,6,1,7,7,4,7,6,7,7,7
受灾,3,4,7,1,3,5,3,5,4,7,6,7,6,2,5,7,4,7,7,6,6,1,6,7,6,6,3,5,6,6
攻击,4,6,7,2,2,5,4,5,4,7,7,7,7,7,7,7,4,7,7,6,6,7,7,4,7,4,6,5,7,7
撒娇,4,6,7,1,5,5,5,5,6,7,7,7,7,7,7,7,4,6,7,6,4,1,7,7,6,1,6,7,5,7
捐献,1,5,7,1,4,5,5,5,4,6,6,7,6,2,6,7,6,7,7,4,4,1,7,4,7,5,6,6,6,7
占有,4,5,7,1,3,4,1,3,2,3,5,7,7,2,3,6,4,4,4,3,4,2,5,4,6,2,6,5,2,5
守信,2,3,7,1,2,4,1,2,2,6,5,4,4,2,6,4,4,7,4,3,5,1,2,4,4,2,4,3,1,3
施肥,7,5,7,2,6,5,4,7,5,7,7,7,7,7,7,7,6,7,7,6,5,5,7,7,6,1,2,7,7,7
发烧,2,5,7,1,5,4,4,5,5,7,7,6,3,6,7,6,4,7,7,6,5,1,7,7,7,1,6,6,5,7
雇用,4,4,7,1,5,4,3,3,3,7,5,7,4,1,7,7,6,7,7,4,4,7,7,7,6,1,5,5,3,6
发抖,2,6,7,1,5,7,3,6,7,7,7,7,7,7,7,7,4,6,7,7,5,1,7,7,7,1,5,7,7,7
演奏,2,6,7,3,6,6,6,6,7,7,5,7,5,2,7,7,4,7,7,7,5,7,7,7,5,2,6,7,7,7
晋升,1,5,6,1,2,6,3,5,4,4,6,6,5,5,6,7,4,7,7,5,5,3,6,7,7,1,6,6,4,7
失踪,3,3,7,1,3,4,6,4,3,5,7,7,5,3,2,7,4,7,7,3,5,4,3,4,5,2,5,4,5,4
批准,2,3,7,2,3,3,3,2,2,5,5,7,5,3,7,7,6,7,7,3,6,1,6,7,3,6,3,6,5,5
花费,2,4,7,2,3,5,4,4,1,7,7,6,7,2,6,6,6,7,7,5,4,2,5,7,4,1,7,5,5,4
责怪,4,5,6,1,6,3,2,3,6,5,7,7,6,2,6,7,4,7,7,4,5,6,1,4,4,2,2,6,6,7
描写,2,6,7,5,3,6,5,2,4,5,6,7,6,2,6,6,6,7,5,6,6,6,7,4,5,2,6,7,4,5
搅拌,5,5,7,2,5,5,5,6,6,7,7,7,7,7,7,7,6,7,7,7,5,7,7,7,6,5,4,7,6,7
选举,1,5,7,2,5,6,5,5,2,6,7,7,6,5,7,7,4,7,7,6,4,3,6,7,6,6,6,7,6,7
化妆,7,6,7,3,5,7,6,7,7,7,7,7,7,7,7,7,7,6,7,6,6,7,7,7,5,6,7,7,6,7
乞讨,6,5,7,2,3,5,6,5,5,7,7,7,7,6,7,7,6,7,7,7,4,1,7,4,6,1,5,7,7,7
演出,7,5,7,5,6,7,4,6,7,7,7,4,7,7,6,7,4,5,7,7,5,7,7,7,7,5,7,7,6,7
爆炸,1,7,7,1,5,7,4,7,7,7,7,7,7,6,7,7,6,7,7,7,5,1,7,7,7,7,7,7,7,7
离开,2,3,7,1,5,3,3,5,5,6,7,7,7,6,5,7,2,7,7,6,6,4,7,4,4,7,4,7,6,7
监督,5,4,7,1,3,5,1,3,3,5,5,7,6,2,7,7,6,7,7,5,4,7,6,4,3,6,4,5,6,7
退休,2,4,1,1,2,6,1,3,3,3,7,4,6,5,7,7,4,7,7,4,4,2,7,4,7,1,4,5,3,6
破坏,3,6,7,1,3,5,6,5,5,5,6,7,7,2,7,6,3,7,7,5,6,5,7,7,6,1,5,5,6,7
解决,1,4,7,3,3,4,2,3,3,5,6,7,6,3,3,6,4,7,7,4,5,1,5,4,6,1,5,4,2,5
扩大,2,5,7,1,5,5,3,2,4,5,6,7,7,1,6,7,4,6,7,4,5,5,7,4,2,1,7,4,5,6
遭受,1,4,7,2,1,5,3,2,3,3,7,7,5,1,5,3,4,5,4,3,4,4,1,4,6,1,5,3,4,5
旋转,2,7,7,1,6,7,7,5,7,7,7,7,7,7,7,7,4,6,7,6,6,1,7,7,7,6,6,7,7,7
许愿,1,5,7,1,3,3,5,3,5,7,7,7,4,6,6,7,6,7,7,4,5,2,5,7,6,7,3,7,6,7
旅行,7,4,7,6,3,5,4,7,6,7,7,6,7,6,6,7,4,7,7,5,6,7,7,4,7,7,6,7,6,7
发射,4,6,7,3,5,7,3,6,5,7,7,7,7,5,7,7,7,6,7,5,6,4,7,7,5,7,7,7,6,7
捕食,6,5,7,3,5,7,4,6,5,7,7,7,7,7,7,7,7,7,7,6,5,7,7,7,7,4,5,7,7,7
抛弃,4,4,7,1,3,5,6,5,3,6,7,7,6,4,6,6,4,4,4,5,5,6,7,4,6,1,6,6,5,5
烹饪,7,5,7,4,5,7,7,6,7,7,7,7,7,2,7,7,6,7,7,6,6,6,7,7,6,5,6,7,6,7
腐烂,1,7,7,1,5,5,4,7,7,7,5,7,7,6,3,7,5,7,7,5,4,7,7,7,5,6,5,7,6,4
发动,2,6,7,3,5,6,4,2,4,6,5,7,5,2,7,5,4,3,7,5,6,4,7,4,5,1,6,6,2,6
携带,2,4,7,1,6,7,7,6,6,6,7,7,6,3,7,7,4,6,4,6,6,1,7,7,3,6,6,7,5,7
忘记,1,2,7,1,1,2,2,2,2,3,4,7,3,2,5,6,4,7,7,1,4,4,4,4,3,1,3,3,1,6
打击,1,6,7,1,3,3,6,3,4,7,7,7,4,2,7,7,2,7,7,4,4,4,7,7,4,2,6,4,6,5
逮捕,7,5,7,1,4,3,3,6,6,7,7,7,7,7,7,7,4,6,7,7,6,7,7,7,7,1,5,7,7,7
发光,3,5,7,5,6,7,3,7,7,7,7,7,7,6,7,7,4,7,7,5,6,4,7,7,7,3,7,7,7,7
结婚,6,6,7,2,5,6,3,6,4,7,6,7,7,7,7,7,6,7,7,6,5,5,7,7,7,6,6,7,7,7
举,3,6,7,1,5,6,5,7,7,7,7,7,7,6,7,7,6,7,7,7,6,1,7,7,6,6,7,7,7,7
训练,4,6,1,2,2,5,4,6,2,7,7,7,5,4,7,7,4,7,7,5,5,2,6,7,5,2,6,5,5,7
贿赂,3,3,7,1,3,5,3,4,5,6,6,7,7,1,6,6,4,7,7,5,6,4,6,7,6,5,2,4,4,6
消化,1,3,5,1,3,3,4,2,2,3,6,6,3,1,5,7,4,7,7,2,5,1,4,4,6,1,2,6,4,5
讲话,1,4,7,1,5,5,1,6,7,6,7,7,7,5,6,7,4,7,7,6,5,1,6,7,6,5,7,6,6,7
收割,6,6,7,3,5,6,4,5,3,7,5,7,7,6,6,7,4,7,7,5,6,6,7,7,6,6,5,7,6,6
买卖,2,5,7,2,3,4,5,5,4,7,6,7,7,5,7,7,4,7,7,6,5,7,7,7,6,3,3,7,6,7
危害,1,3,6,1,4,3,3,2,5,5,6,6,6,1,3,5,4,6,4,3,4,2,3,4,2,1,5,3,5,6
记录,5,6,7,3,3,6,1,4,5,6,6,7,7,6,7,7,6,7,7,6,5,7,7,7,7,6,6,7,6,7
打扮,7,7,7,4,5,7,5,7,4,7,7,7,7,2,7,7,6,6,7,5,4,7,7,7,5,7,7,7,6,7
抽签,1,4,7,2,6,5,2,6,5,7,7,7,7,6,7,7,4,7,7,7,5,5,7,7,6,7,4,7,6,7
思考,1,1,5,2,3,2,1,1,4,4,7,6,5,3,3,3,5,6,7,5,4,1,2,4,6,1,2,6,1,5
违法,1,4,7,1,5,4,2,4,5,3,7,4,6,1,7,6,3,4,4,4,5,4,4,4,4,1,7,5,4,6
吃,4,2,7,4,6,7,7,7,7,7,7,7,7,7,7,7,6,7,7,7,7,1,7,7,6,6,7,6,7,7
调查,4,6,7,3,2,5,3,5,6,6,5,7,6,2,7,7,6,7,7,5,4,7,2,7,7,6,6,6,4,7
切,7,6,7,3,7,6,7,7,7,7,7,7,7,6,7,7,7,7,7,7,6,3,7,7,6,5,6,7,7,7
抚养,1,4,7,2,4,5,4,5,3,7,7,6,7,5,5,6,4,7,7,5,6,4,6,7,3,2,2,3,5,6
展览,7,7,7,7,6,7,6,6,4,7,7,5,7,5,7,7,7,7,7,7,6,5,7,7,4,3,5,7,6,7
标注,5,5,7,6,5,6,7,4,4,7,7,7,7,1,6,7,7,7,7,6,7,7,7,7,4,4,7,7,6,6
制造,5,5,7,5,2,6,6,6,4,5,6,7,6,7,5,7,6,7,7,5,6,4,7,4,6,3,5,5,6,4
生长,1,6,7,1,7,7,2,5,5,7,4,7,7,4,5,6,6,7,7,5,5,1,7,4,7,2,5,4,4,5
点缀,5,4,7,3,5,6,4,6,3,5,7,6,7,3,7,6,4,5,7,4,6,6,7,7,2,1,4,7,4,7
跌倒,2,5,7,1,7,7,4,7,7,7,7,7,7,6,7,7,4,6,7,7,5,3,7,7,7,3,5,7,7,7
克制,2,2,2,1,3,3,1,2,2,3,5,6,3,2,5,5,4,7,4,2,4,1,6,4,3,2,2,4,2,5
开始,1,3,7,1,4,4,2,1,4,4,3,4,2,1,5,7,2,7,4,4,5,2,7,4,2,1,1,5,3,4
接吻,4,7,7,3,7,7,4,7,7,7,7,7,7,7,7,7,4,7,7,7,5,4,7,7,7,6,7,7,7,7
导致,1,1,6,1,2,3,2,1,2,4,7,4,5,2,3,6,4,7,4,3,5,2,1,4,2,1,4,4,2,5
任教,4,3,7,2,2,5,1,5,6,6,6,4,6,6,5,7,4,7,7,6,4,1,5,7,5,1,6,6,4,7
倒立,2,6,7,1,6,6,6,7,7,7,7,7,7,7,7,7,4,7,7,7,6,1,7,7,6,5,6,6,7,7
出现,1,7,7,1,3,6,5,3,6,4,6,5,7,2,7,6,5,7,7,5,5,7,7,4,6,5,7,6,7,7
安慰,1,4,3,2,1,5,2,3,4,7,7,7,6,6,7,6,2,7,7,4,5,4,4,4,7,2,2,7,5,7
寻找,7,6,7,3,3,5,5,6,6,7,6,7,6,5,7,6,7,7,7,5,5,7,6,7,6,5,6,6,6,6
循环,1,4,6,1,4,4,1,3,2,5,1,6,6,1,7,7,3,7,7,3,5,2,7,4,3,1,6,3,1,4
宣布,1,5,5,1,2,3,2,2,6,4,6,7,6,7,7,7,4,6,4,5,4,5,7,7,5,1,5,6,6,7
进攻,4,6,7,2,4,4,4,5,5,7,5,7,7,6,6,6,4,5,7,6,6,7,7,7,5,3,7,4,7,7
争吵,2,6,4,1,5,5,7,4,6,7,6,7,2,7,7,7,6,7,7,6,4,1,7,7,6,4,6,7,6,7
担心,1,2,7,3,3,3,1,1,5,3,5,6,3,2,2,5,5,7,4,3,4,1,1,4,3,1,3,5,3,6
借债,1,3,7,1,3,5,3,4,2,7,7,7,5,3,5,6,4,6,7,5,4,1,6,7,7,1,6,5,4,7
说,1,4,3,1,5,4,3,4,7,7,6,7,2,5,7,7,4,7,7,5,5,1,7,7,6,6,6,7,6,7
迎接,5,6,7,2,3,5,5,5,4,6,7,7,7,6,6,7,6,6,4,5,5,7,6,7,6,7,3,7,6,7
胜利,1,2,7,1,5,4,1,5,3,6,7,4,5,2,5,6,4,7,4,4,4,1,5,4,4,2,7,7,5,6
捕鱼,7,7,7,5,5,7,6,7,7,7,7,7,7,7,7,7,6,7,7,7,6,7,7,7,6,6,6,7,7,7
撒,4,6,7,1,5,7,5,7,3,7,7,7,7,6,7,7,3,7,7,7,6,1,7,7,4,5,5,6,5,7
防守,1,6,7,2,3,3,5,3,4,5,6,7,7,2,5,7,6,7,7,5,4,7,7,4,7,6,6,7,6,7
游泳,6,7,7,4,6,7,7,7,7,7,7,7,7,7,7,7,4,7,7,7,4,7,7,7,7,6,6,7,7,7
道歉,1,3,7,1,5,3,1,4,3,7,7,7,6,7,7,7,6,7,7,4,4,1,7,7,7,4,6,7,5,7
派遣,2,5,7,1,2,4,2,5,3,6,7,7,7,2,7,7,4,7,7,4,5,4,2,7,5,4,5,5,5,6
强迫,1,4,5,1,4,5,2,3,3,3,7,7,6,3,3,6,3,7,4,5,6,6,6,4,7,2,6,3,2,6
开矿,2,6,7,3,2,7,5,6,5,7,6,7,7,6,7,7,4,3,7,6,5,4,7,7,7,1,6,7,7,5
撤销,1,2,7,2,2,5,3,2,1,3,7,7,6,2,5,7,4,6,7,3,6,3,6,4,7,1,6,4,5,6
放假,1,4,7,2,4,3,2,5,3,4,7,4,6,1,5,7,4,7,7,4,4,1,7,4,5,2,3,7,4,6
聘请,2,5,7,1,1,5,3,3,3,5,7,7,6,2,7,6,2,7,7,4,6,2,7,4,6,7,6,3,6,5
出席,4,7,7,5,2,6,6,6,5,7,6,7,7,5,7,7,6,7,7,6,5,4,7,7,5,5,5,6,6,7
击败,2,6,7,1,2,5,4,5,4,4,6,7,6,5,6,7,4,6,7,4,4,4,6,4,5,2,5,6,5,6
影响,2,2,7,1,3,3,3,3,2,4,6,6,4,1,3,4,4,5,4,2,4,4,2,4,5,1,2,3,1,4
缺少,2,1,6,1,4,4,4,2,2,3,6,4,5,2,3,5,4,7,4,4,4,2,3,4,2,1,2,5,3,3
医治,2,6,5,5,6,4,4,6,5,7,7,7,6,6,7,7,6,7,7,5,4,6,7,7,7,3,7,5,6,7
阅读,7,6,7,7,3,7,6,6,7,7,5,7,7,7,7,7,7,7,7,6,4,7,7,7,7,6,7,7,6,7
炫耀,4,4,7,2,5,5,2,2,5,4,5,7,6,2,5,7,4,7,7,4,6,6,6,7,7,5,6,7,5,7
砍,4,7,7,2,5,5,5,7,6,7,7,7,7,7,7,7,6,7,7,7,6,4,7,7,6,6,7,7,7,7
交叉,3,2,7,1,7,6,1,5,2,7,6,5,5,2,5,7,4,6,7,5,5,1,7,7,1,6,5,6,6,5
筹集,1,4,7,1,3,5,4,4,3,6,7,6,6,2,7,7,4,6,7,5,5,1,5,7,2,1,5,5,3,6
自杀,4,4,6,1,5,6,3,6,6,5,6,7,7,6,7,7,4,7,7,5,4,1,7,7,6,4,6,7,6,6
打球,6,6,7,5,6,7,6,7,7,7,7,7,7,7,7,7,7,5,7,7,6,7,7,7,7,7,6,7,7,7
抗议,1,4,6,2,5,5,2,2,2,7,7,7,7,5,7,7,5,6,7,6,6,5,5,7,6,1,7,7,6,7
种植,6,6,7,3,5,5,6,7,4,7,7,7,7,7,7,7,6,6,7,6,5,7,7,7,6,2,5,7,7,7
举行,3,5,7,3,3,6,5,4,3,6,7,7,7,1,6,7,6,7,7,6,5,4,5,7,6,1,5,5,5,7
停止,2,4,7,1,6,3,2,3,2,3,7,7,7,1,7,7,5,7,7,5,5,2,7,7,3,4,2,6,3,6
殴打,4,6,7,1,5,7,5,6,6,7,7,7,7,6,7,7,4,7,7,7,6,7,7,7,7,7,5,7,7,7
诈骗,3,5,3,1,3,4,2,4,4,7,7,5,5,1,7,6,2,7,7,5,6,4,4,7,7,6,6,4,5,7
投稿,4,4,7,2,3,6,5,2,5,6,6,7,6,6,5,6,5,7,7,5,6,5,7,7,6,5,5,6,6,6
兑换,1,5,7,4,3,6,3,5,4,4,5,7,7,2,5,7,4,7,4,5,5,3,3,7,6,2,4,6,4,7
偏袒,1,3,7,1,3,5,2,2,4,5,6,7,6,2,7,4,4,6,4,3,5,6,5,4,6,1,1,4,3,6
讲课,6,6,6,2,6,5,1,6,6,7,6,7,7,7,6,7,6,7,7,7,5,4,7,7,7,7,6,7,6,7
挑选,4,4,7,6,3,5,4,5,4,7,6,7,7,6,7,7,7,7,7,6,6,7,7,7,6,5,7,7,6,7
逃跑,4,4,7,2,3,6,2,6,6,7,6,7,7,5,7,7,6,7,7,7,4,7,7,7,6,7,7,7,6,7
失业,2,2,6,1,4,4,4,5,4,5,6,5,4,2,3,7,4,7,4,3,4,1,7,7,6,2,5,5,6,6
染色,5,6,7,3,5,7,4,5,4,7,4,7,7,2,7,7,5,7,7,6,6,7,7,7,5,3,7,4,6,7
提供,2,4,6,3,2,3,3,3,4,4,5,5,6,1,5,6,4,7,5,5,7,2,5,4,3,1,5,5,5,6
流行,1,5,7,5,3,4,5,4,2,4,4,4,5,6,3,6,4,6,7,2,4,1,3,4,2,2,5,3,5,5
叫,1,3,3,1,5,4,4,3,6,4,7,7,2,7,7,7,4,5,7,6,5,1,7,7,5,6,6,7,6,7
羡慕,4,4,7,2,3,3,1,1,3,3,5,5,3,2,3,5,3,7,4,4,4,7,2,4,3,1,3,5,3,6
原谅,2,3,5,1,2,3,2,1,6,5,7,4,4,3,3,6,4,7,4,4,5,5,5,4,4,1,3,5,2,5
改变,2,5,7,1,3,4,2,5,3,4,6,6,6,1,6,6,4,3,4,4,4,7,6,7,3,1,4,4,2,6
调解,4,4,7,2,3,5,2,5,4,6,7,6,6,3,7,6,6,4,7,5,5,7,4,7,6,2,4,7,2,7
到期,1,3,5,1,2,4,2,2,1,3,5,4,5,5,2,5,4,1,4,6,4,2,6,4,2,5,6,3,2,6
焊接,7,6,7,4,5,7,6,6,7,7,5,7,7,7,7,7,4,7,7,7,6,1,7,7,6,7,6,7,7,7
解释,4,5,5,1,2,4,3,2,6,5,7,7,5,2,7,5,4,6,4,5,4,5,7,7,7,4,3,7,2,7
荒废,2,2,7,1,2,4,4,4,1,5,6,5,7,2,5,6,4,7,4,5,5,4,7,7,4,1,6,6,5,6
镇压,4,5,7,1,3,4,3,4,5,7,5,7,6,2,7,7,4,7,7,5,4,4,6,7,6,7,6,5,4,7
兴起,2,4,7,1,3,5,3,4,2,5,7,5,4,3,2,5,1,7,4,4,4,1,5,4,1,1,2,5,4,5
损失,1,2,7,1,1,4,2,2,2,6,7,4,5,4,7,5,4,7,4,2,5,1,4,4,7,1,6,6,4,4
承认,1,5,7,2,2,3,1,4,2,6,6,6,6,1,5,7,4,6,7,4,6,4,5,4,3,3,2,5,2,7
挑衅,4,5,7,1,5,4,1,4,6,7,7,7,7,4,7,6,5,6,7,5,4,2,5,7,5,6,7,4,6,7
下雨,6,6,7,3,7,7,7,7,7,7,7,7,7,7,7,7,5,7,7,7,6,1,7,7,6,5,7,7,7,7
行礼,6,6,7,2,5,5,7,6,7,7,6,7,7,6,7,7,6,7,7,7,4,2,7,7,6,6,5,7,6,7
妨碍,4,4,5,2,3,4,2,4,2,6,7,6,6,1,3,6,3,2,4,4,5,7,2,4,6,2,6,4,4,6
出版,4,6,7,1,2,3,4,5,2,6,6,7,7,5,5,7,5,6,4,6,5,2,5,7,6,1,6,4,6,5
天亮,6,6,7,4,6,7,7,7,7,7,7,7,7,3,7,7,5,7,7,7,6,7,7,7,7,2,2,7,7,6
拒绝,2,5,7,2,4,3,1,2,5,7,6,7,6,5,5,6,2,7,7,4,4,3,7,4,3,1,4,5,4,7
连接,2,4,3,2,5,3,4,5,3,6,7,7,7,1,5,5,4,6,4,3,6,6,7,4,2,1,5,5,6,6
营利,2,3,7,3,3,4,1,2,2,3,5,4,6,2,3,5,4,7,4,3,5,1,5,4,5,1,5,4,2,6
喷,2,6,7,1,5,7,3,6,5,7,5,7,7,6,7,7,4,7,7,6,5,1,7,7,6,4,7,7,6,7
醉,2,4,7,1,6,5,7,7,7,7,7,6,6,5,7,6,4,7,7,5,6,1,7,7,6,1,4,7,6,7
冒烟,6,7,7,2,5,7,7,7,7,7,7,5,7,6,7,7,4,7,7,7,6,1,7,7,7,7,7,7,7,7
抱,5,5,7,2,7,6,7,7,7,7,7,7,7,6,7,7,6,7,7,7,6,1,7,7,6,7,5,7,7,7
阻拦,4,4,7,2,5,5,3,3,5,7,6,7,7,5,7,6,4,7,7,5,6,6,5,7,6,5,5,3,5,7
拖延,2,3,7,1,2,3,4,3,2,6,6,7,6,3,5,6,4,7,7,3,5,3,5,7,5,2,2,5,3,6
拉,2,5,7,2,6,7,4,6,6,7,7,7,7,7,7,7,4,6,7,7,6,6,7,7,6,7,7,7,7,7
引导,4,3,7,3,2,5,1,2,4,4,5,7,6,3,7,6,6,7,7,5,4,7,2,4,6,5,3,5,2,7
倒塌,5,7,7,1,5,6,5,7,6,7,6,7,7,7,7,7,6,7,7,7,6,1,7,7,6,1,4,7,7,7
挖,5,7,7,2,5,7,4,7,7,7,5,7,7,7,7,7,4,7,7,7,6,1,7,7,5,7,6,7,7,7
欺骗,2,3,7,1,2,4,3,1,4,7,7,4,4,2,7,3,4,7,7,4,4,2,3,4,2,7,4,4,5,5
揭露,4,4,7,1,2,6,4,4,3,6,6,7,4,2,5,7,6,7,7,5,4,4,5,7,7,1,5,5,6,7
协商,4,4,6,1,2,5,4,4,3,7,7,6,5,2,3,6,4,7,7,6,6,5,7,7,7,1,4,6,5,6
记帐,4,6,7,4,2,7,4,5,5,7,6,7,7,6,7,7,6,7,7,7,5,7,7,7,7,1,6,7,6,7
装饰,7,7,7,3,5,7,4,6,6,7,7,7,7,4,7,6,6,7,7,6,6,6,7,7,6,3,5,7,6,7
包含,1,5,1,1,1,3,2,4,2,4,6,4,3,2,2,5,4,7,4,3,5,4,7,4,6,1,2,7,3,5
抢劫,7,6,7,1,2,7,5,6,7,6,7,7,7,7,7,7,4,7,7,6,6,7,7,7,6,1,5,7,7,7
失眠,2,3,1,1,1,5,4,5,2,4,6,7,5,5,7,7,4,7,7,5,4,2,7,7,6,1,4,7,6,7
广播,2,5,1,3,3,4,5,2,3,7,7,6,7,5,7,7,2,7,7,5,5,1,7,7,7,1,4,7,4,7
存在,1,4,7,1,4,4,2,2,2,5,6,4,5,1,5,4,6,7,4,2,4,4,7,4,3,2,2,7,2,6
迁移,4,5,7,5,5,4,2,4,6,7,6,7,7,7,7,7,4,7,7,5,5,1,7,7,6,7,5,7,6,5
筛,4,5,7,4,3,6,3,6,5,6,7,7,7,5,7,7,6,7,7,7,5,6,7,7,5,6,5,7,4,6
犯规,4,5,7,2,3,6,1,3,6,3,5,7,6,1,6,7,4,7,7,5,5,1,5,7,7,1,6,5,5,7
介绍,3,4,7,2,2,3,3,4,6,4,5,7,7,4,6,7,3,7,7,5,7,4,7,7,5,2,3,7,5,7
催促,2,4,5,1,5,4,2,2,5,7,6,7,7,6,5,6,4,7,7,4,5,2,7,4,5,5,4,5,5,7
安葬,5,7,7,1,3,7,4,7,7,7,6,7,7,5,7,7,4,7,7,6,4,1,7,7,6,1,6,7,7,7
公开,2,5,7,3,2,3,3,5,4,3,6,5,7,2,2,6,4,5,7,5,6,4,5,7,5,5,2,6,6,6
假装,2,4,7,1,1,4,2,2,3,3,6,5,7,2,5,4,4,5,7,5,4,6,4,4,2,1,2,5,5,6
受伤,4,5,7,1,5,6,2,6,2,7,3,7,7,6,7,7,4,7,7,6,6,6,7,7,5,1,5,7,6,7
吐,5,6,7,1,5,7,6,6,7,7,7,7,7,7,7,7,5,5,7,7,6,1,7,7,7,4,6,7,7,7
鼓励,2,4,6,2,3,5,1,2,4,7,7,6,6,3,6,7,7,7,4,5,5,5,5,4,2,6,6,6,3,5
称赞,2,4,7,3,4,4,1,2,5,7,6,7,7,2,7,7,6,7,7,4,4,6,5,7,7,3,3,5,4,7
出租,1,5,6,1,3,4,4,4,2,7,7,6,7,2,6,7,4,7,7,3,7,2,7,7,6,1,5,5,5,6
分类,4,6,7,2,3,5,4,3,4,6,2,6,7,3,3,5,6,7,7,2,5,7,6,7,4,6,2,4,2,6
抽,4,6,6,3,4,6,5,4,6,7,7,7,7,6,6,7,4,7,7,7,4,1,7,7,2,6,2,6,4,7
巡逻,7,6,7,5,5,5,1,7,6,7,5,7,7,6,7,7,6,7,7,7,6,7,7,7,6,5,6,7,6,7
请求,2,5,7,1,2,4,4,2,5,3,6,7,6,2,6,7,3,7,7,4,4,1,7,7,6,2,5,7,4,6
握手,6,6,7,2,7,7,7,7,7,7,7,7,7,7,7,7,7,6,7,7,5,6,7,7,4,6,6,7,7,7
笑,6,6,6,3,7,7,3,7,7,7,7,7,4,7,7,7,6,7,7,7,6,1,7,7,5,6,6,7,7,7
考核,2,2,4,5,3,6,4,4,4,3,4,7,6,2,6,7,5,7,4,3,4,7,7,7,4,2,2,5,5,6
祝贺,4,5,7,2,5,4,2,5,5,7,7,7,6,4,7,7,4,7,7,4,4,1,4,7,7,6,6,6,5,6
翻译,4,3,7,6,1,6,5,3,4,5,7,7,5,1,7,7,7,6,7,5,7,5,7,7,3,2,3,6,5,7
侵略,5,4,7,2,2,5,2,6,5,7,7,7,6,5,7,7,6,7,7,5,4,7,6,4,5,5,5,4,6,6
运输,3,5,7,3,6,7,4,6,7,7,7,7,7,6,7,7,4,7,7,6,6,1,7,7,7,5,5,7,6,7
怀孕,4,3,1,2,6,4,5,6,6,7,7,6,6,7,7,7,2,7,7,6,5,1,7,7,7,2,5,7,6,7
眨眼,4,6,7,4,5,7,7,5,7,7,7,7,7,7,6,7,7,5,7,7,6,7,7,7,6,7,7,7,7,7
走,5,5,7,3,6,7,6,6,7,7,7,7,7,7,7,7,6,7,7,7,6,1,7,7,5,7,6,7,7,7
推动,1,3,7,4,6,3,2,4,4,7,7,6,6,4,7,6,6,7,4,4,5,4,7,4,6,6,6,5,4,5
冒险,4,4,7,2,2,4,5,4,4,7,1,5,6,3,7,7,4,7,7,5,4,7,3,4,7,2,3,7,6,6
统治,4,3,7,1,4,5,4,4,2,7,7,5,5,3,5,6,4,7,7,4,5,5,5,7,6,7,2,3,4,6
判断,2,4,4,3,2,3,2,1,5,6,6,7,5,1,3,7,6,3,4,3,5,4,7,4,3,1,3,6,4,5
增强,2,2,6,5,3,3,3,3,2,3,4,5,4,3,3,6,4,6,5,4,5,1,5,4,2,1,3,3,3,5
决定,2,4,7,4,2,3,1,3,2,5,6,5,5,2,1,7,4,7,7,4,5,1,2,4,3,2,5,5,2,4
堆积,2,3,7,1,5,6,3,5,4,7,6,7,7,6,6,7,4,7,7,6,5,4,7,7,7,1,6,7,5,7
驱逐,4,5,7,2,5,6,4,5,3,7,7,7,7,2,7,7,4,5,7,6,5,2,7,7,4,4,4,6,6,6
赔偿,2,4,7,2,2,4,3,3,2,6,6,7,6,3,7,7,2,7,4,5,5,1,7,7,7,2,4,5,6,7
跟踪,5,4,7,4,3,5,3,5,6,7,6,7,7,5,7,7,4,7,7,6,5,7,7,7,5,5,5,5,6,7
拨款,2,4,3,3,4,4,3,4,4,7,6,7,6,1,7,7,4,7,4,6,4,1,4,4,4,1,6,5,6,6
走私,2,5,7,1,1,5,3,3,2,7,5,6,6,1,6,7,2,7,7,5,6,7,7,7,6,3,6,7,5,7
吃苦,1,2,2,1,2,3,1,1,4,3,4,6,4,1,6,2,4,6,5,5,5,1,5,4,4,1,3,3,3,6
看,7,7,7,7,7,7,7,7,7,7,7,7,7,6,7,7,7,7,7,6,6,7,7,7,4,7,5,7,6,7
熔化,4,6,7,1,5,7,5,6,5,7,7,7,7,6,7,7,4,6,7,7,5,1,7,7,6,1,4,7,7,7
威胁,4,4,7,1,2,5,3,3,4,3,7,5,6,4,7,5,4,6,4,5,6,6,7,7,6,5,3,6,6,7
投资,1,3,7,5,2,4,2,4,2,4,6,7,6,2,6,7,3,7,7,3,5,6,3,7,6,1,2,4,6,6
问答,4,4,7,3,6,4,5,1,5,5,6,6,3,3,7,7,4,6,4,4,4,1,7,7,6,5,6,6,5,7
阻塞,3,4,7,1,3,6,4,3,3,5,5,6,7,5,6,6,3,4,7,5,5,5,6,4,7,1,2,7,5,7
屠宰,5,3,7,2,5,5,6,7,7,7,7,7,7,6,7,7,4,6,7,7,5,7,7,7,6,2,5,7,7,7
溶解,4,3,7,1,6,6,3,4,6,7,7,7,7,7,5,7,6,7,7,4,6,1,7,7,5,3,2,7,6,7
燃烧,1,6,7,1,6,6,3,7,7,7,7,7,7,7,7,7,4,6,7,7,5,1,7,7,7,1,3,6,7,7
留学,2,4,6,2,5,4,3,6,2,3,5,4,6,2,6,7,5,7,7,4,4,4,7,7,5,6,7,6,4,6
相信,1,4,5,3,3,4,1,1,1,3,6,6,4,2,2,4,6,7,7,4,4,1,3,4,4,2,3,3,1,3
接受,2,3,7,2,3,4,1,3,2,6,7,7,6,2,5,5,4,4,4,3,4,1,7,7,5,6,6,4,4,6
试探,2,4,7,2,4,5,4,1,3,7,6,7,6,3,5,7,3,7,7,4,4,5,4,7,6,6,1,4,5,7
自首,2,4,7,1,3,3,2,4,6,7,5,6,6,5,7,7,6,7,7,5,4,3,7,7,7,4,7,6,6,7
冒充,4,3,7,2,3,4,2,3,2,5,6,6,6,1,7,6,4,6,7,3,4,2,6,7,3,2,6,3,2,5
注意,4,3,7,4,2,7,4,3,5,5,6,6,7,2,7,5,6,7,7,5,4,7,7,4,2,1,3,3,6,7
愿意,1,4,3,1,3,3,2,1,2,5,5,5,3,3,3,5,4,7,4,4,4,6,3,4,4,1,2,4,4,5
脱险,2,2,7,1,2,5,4,3,4,5,7,4,6,6,5,7,4,7,7,5,4,7,5,4,7,1,5,6,3,7
装备,3,4,7,1,3,6,4,5,2,7,6,5,7,4,6,7,4,7,7,6,5,6,7,7,6,2,5,7,5,7
响应,2,3,7,1,5,3,4,1,3,4,5,6,6,2,5,6,4,6,4,5,5,3,6,4,5,4,6,6,2,7
管理,2,3,7,3,2,5,3,3,2,5,7,7,6,2,1,6,6,4,4,4,4,6,4,4,6,1,6,3,2,7
避免,1,2,6,3,3,3,3,2,2,3,3,6,5,4,3,7,4,7,4,4,4,6,6,4,2,1,2,4,3,5
合作,4,3,6,2,5,4,3,4,3,6,7,7,5,6,3,7,5,6,7,4,5,5,4,4,7,2,3,5,4,6
掩护,6,4,7,5,3,5,4,5,3,6,7,7,7,1,7,7,6,7,7,6,6,7,4,7,7,4,6,5,5,7
参加,4,4,7,4,5,4,6,4,2,6,7,7,6,6,7,7,5,7,7,5,5,6,3,4,2,3,6,5,2,7
被捕,4,6,7,1,2,4,4,7,6,6,7,7,7,7,7,7,4,7,7,6,5,5,6,7,6,4,7,7,5,7
安装,4,5,7,3,5,5,4,5,5,7,7,7,7,7,5,7,4,7,7,6,6,6,7,7,5,7,6,6,6,7
驾驶,7,5,7,6,6,7,6,7,6,7,6,7,7,6,7,7,7,7,7,7,5,7,7,7,7,6,3,7,6,7
蠕动,2,7,7,1,5,6,4,6,7,7,7,7,7,6,7,7,4,7,7,6,5,1,7,4,7,7,5,7,7,7
翻腾,2,7,7,1,5,7,5,5,4,7,6,7,7,3,7,7,4,6,7,6,4,1,7,4,7,1,5,4,6,7
测量,6,5,7,4,5,6,4,7,4,6,6,7,7,7,7,7,7,7,7,6,6,7,7,7,5,5,6,4,5,7
取得,2,2,7,1,1,3,1,3,2,4,6,7,6,2,7,7,4,6,5,5,5,5,7,7,5,7,6,6,5,7
伸缩,2,7,7,1,6,7,3,6,7,7,5,7,7,6,7,7,4,7,7,5,5,1,7,7,4,6,6,6,7,7
团聚,3,7,7,2,5,5,3,3,5,7,7,7,6,6,7,7,5,6,7,6,6,4,7,4,7,3,5,7,6,7
靠近,3,6,7,2,5,5,2,5,6,4,7,7,7,5,5,7,4,5,7,6,5,7,6,7,5,5,6,6,6,7
害怕,1,3,6,2,5,3,3,5,6,3,5,7,2,5,2,7,4,7,4,5,4,1,1,4,5,6,2,6,4,6
流浪,3,2,7,3,4,4,2,6,5,7,7,5,7,2,7,6,4,6,7,6,4,1,5,4,2,2,6,7,6,5
反省,2,3,1,2,3,3,1,2,1,3,6,6,2,1,6,5,6,7,7,2,4,4,6,4,2,1,2,3,2,6
纠缠,2,4,7,1,3,5,2,4,3,4,7,7,7,3,5,6,5,7,4,5,4,1,6,4,4,6,2,5,3,7
悬挂,4,6,7,4,5,6,5,6,6,7,6,7,7,7,7,7,3,7,7,7,6,1,7,7,4,6,3,6,7,7
给予,4,5,7,1,4,5,2,5,4,7,7,7,7,5,6,6,4,7,7,5,6,1,6,7,7,5,5,5,6,7
勇敢,1,2,1,1,2,2,3,1,2,5,5,4,2,5,3,7,3,6,5,1,5,1,3,4,6,2,3,5,1,3
深奥,1,2,1,1,3,1,2,1,2,2,5,7,2,2,3,4,3,4,5,2,4,1,3,4,3,4,2,3,2,3
便宜,1,4,1,1,2,3,2,2,1,4,3,7,3,3,1,5,2,5,5,4,5,7,4,4,6,1,4,4,1,3
幸福,1,2,1,1,4,3,5,4,3,4,5,7,2,6,2,5,3,4,5,2,5,1,5,4,3,3,3,6,1,3
稳重,1,3,1,2,5,2,2,1,4,5,5,4,2,3,5,6,3,5,5,1,6,1,5,4,4,6,3,6,2,3
坚定,1,5,1,1,3,2,5,1,1,2,1,7,3,4,4,6,4,3,5,1,5,1,5,4,5,1,3,4,1,1
美丽,5,7,1,4,6,7,6,7,6,7,7,7,7,4,7,7,6,5,4,7,7,7,6,4,6,6,7,7,7,7
奢侈,1,6,1,3,2,4,3,4,3,7,6,7,5,2,6,6,3,4,5,3,5,4,6,4,5,1,4,6,7,6
便利,1,2,1,3,4,2,3,2,2,3,7,5,4,2,3,7,3,5,4,1,6,4,5,4,3,1,5,5,1,3
狭窄,7,4,5,6,1,5,5,6,6,7,7,7,7,2,7,7,7,6,7,6,7,7,7,4,5,5,7,7,7,7
陡峭,4,4,5,6,1,6,7,7,7,7,7,7,7,7,7,7,7,5,5,7,6,7,7,7,6,7,7,7,7,7
繁荣,3,4,1,4,3,5,3,5,4,7,5,7,6,6,5,7,3,4,5,3,5,4,3,4,5,1,5,7,5,5
勤奋,1,2,1,1,3,2,3,1,1,7,4,5,2,5,3,6,3,5,5,1,5,1,5,4,5,1,5,5,1,4
忠诚,1,3,1,1,4,2,2,1,1,3,5,4,2,4,3,6,3,6,5,1,5,1,5,4,5,1,5,5,1,2
光滑,7,7,7,4,5,5,6,7,6,7,7,7,7,6,7,7,7,6,7,6,5,7,7,7,6,2,6,7,6,7
黄,7,6,7,7,6,7,6,7,6,7,4,7,7,7,7,7,7,5,7,7,7,7,7,7,7,7,7,7,7,7
伟大,1,3,1,1,2,2,2,3,2,4,6,6,2,2,3,6,3,5,4,1,5,1,1,4,5,1,6,4,1,2
粗暴,1,7,2,1,3,2,4,1,2,7,5,5,2,5,5,5,3,6,5,1,5,1,6,4,6,4,4,7,3,3
死,4,6,1,4,1,5,4,4,3,6,6,7,4,6,7,6,3,4,7,2,5,5,7,7,7,4,6,7,3,7
尊贵,1,5,1,2,5,2,2,4,3,5,7,7,5,2,6,6,4,6,5,4,6,2,2,4,6,2,3,7,5,5
完整,6,6,7,5,2,5,4,5,4,6,4,7,6,4,7,7,7,5,5,5,6,7,7,4,4,5,7,7,5,5
恰当,2,2,1,1,5,3,3,4,1,4,3,4,5,2,1,4,3,5,5,1,4,3,3,4,2,2,3,4,4,1
富裕,1,5,1,1,3,5,1,4,1,7,6,7,4,4,5,7,3,4,5,2,6,2,5,4,5,2,4,7,1,5
愤怒,1,6,5,1,6,3,4,3,3,6,4,7,3,6,5,5,3,5,5,1,6,1,5,4,2,6,6,7,1,5
清澈,7,7,7,6,5,5,7,6,6,7,7,7,6,7,7,7,3,6,7,7,6,7,7,4,6,6,3,7,6,7
天然,6,6,5,4,5,4,3,5,2,5,4,7,5,3,6,3,3,4,7,5,5,7,4,4,5,2,5,7,6,6
博学,1,3,1,2,4,2,3,1,2,4,5,6,2,3,4,6,3,6,5,2,5,1,5,4,4,2,2,4,1,3
简单,1,4,5,3,2,2,5,5,2,5,4,6,5,2,5,5,3,4,5,5,6,4,4,4,4,1,5,4,6,4
善良,1,4,1,1,4,3,4,3,4,4,5,5,2,4,5,6,3,4,5,1,5,1,6,4,6,3,5,4,1,3
丰富,2,3,1,4,5,4,2,4,2,6,4,7,6,4,6,5,4,4,4,6,6,2,7,4,4,5,5,6,6,5
专心,1,2,1,1,3,2,3,1,2,6,5,7,2,3,4,6,3,4,5,1,5,1,6,4,4,2,3,4,1,4
黑,7,7,7,7,6,7,7,7,6,6,7,7,7,7,7,7,7,5,7,7,7,7,7,7,6,6,7,7,7,7
耐心,1,5,1,1,3,2,3,1,1,4,3,4,2,2,3,5,3,6,5,1,6,1,5,4,3,2,5,5,1,3
亲密,1,5,1,1,3,2,4,3,3,7,5,7,5,3,5,6,3,5,5,3,5,4,6,4,5,1,3,6,1,2
硬,7,7,7,3,2,4,6,7,3,5,3,7,7,7,7,7,6,5,7,7,5,7,7,7,4,3,7,7,7,5
干燥,7,6,1,4,2,5,4,4,2,1,7,7,7,6,7,6,4,3,7,6,6,7,5,4,5,2,6,7,4,7
平坦,7,7,4,5,3,6,6,6,7,7,4,7,7,6,7,7,7,6,5,7,6,7,7,4,7,6,7,7,6,6
熟练,1,2,1,1,3,1,2,2,1,3,4,6,2,4,3,6,3,5,5,1,5,1,5,4,4,1,4,5,1,1
可爱,7,7,1,4,6,5,5,5,5,6,4,7,6,4,5,6,3,5,5,6,6,4,6,4,3,6,6,7,7,7
幼稚,7,5,1,1,2,2,4,4,3,5,5,4,4,5,1,6,3,5,5,2,4,4,5,4,6,3,2,6,2,3
真实,4,2,1,1,4,3,1,5,2,6,6,4,4,4,6,4,3,6,5,2,5,3,7,4,7,1,5,5,3,3
庄严,2,4,1,4,5,5,5,5,4,3,6,6,5,2,5,6,3,6,5,4,5,4,7,4,6,6,3,6,6,4
整齐,6,6,1,6,6,6,5,6,6,7,7,7,7,6,7,6,3,5,5,7,6,7,7,4,6,7,3,7,6,6
锋利,6,7,1,4,3,5,6,6,4,7,4,7,7,4,7,7,6,5,5,7,6,7,7,7,4,7,7,7,7,7
简短,2,2,1,3,1,2,3,2,2,6,7,7,7,3,6,6,3,5,5,1,5,2,7,4,6,5,6,6,6,2
必要,1,1,1,2,3,2,3,2,1,1,2,4,2,2,1,4,4,4,5,1,5,2,4,4,3,1,2,4,1,3
拥挤,2,5,6,4,1,6,5,5,6,7,4,7,6,5,7,6,5,7,5,5,6,7,6,7,7,2,6,7,3,6
明显,1,5,3,3,2,4,3,5,2,2,5,6,7,3,5,3,3,5,5,3,6,4,5,4,3,7,7,5,3,6
奔放,1,3,1,1,5,2,3,3,2,5,2,7,2,6,3,6,3,5,5,1,5,2,5,4,5,6,5,6,1,3
刻板,1,6,1,3,2,2,2,3,1,4,4,7,5,4,1,5,4,4,5,1,5,1,5,4,4,2,6,5,5,3
深,6,5,5,6,3,5,7,6,6,6,4,7,7,4,7,7,7,6,7,6,7,7,7,7,5,6,6,6,7,4
正常,4,2,5,3,4,4,2,5,2,4,2,7,6,4,4,5,5,4,5,3,5,4,4,4,2,1,6,6,5,2
沉默,1,3,1,1,3,3,2,1,2,2,5,4,2,3,3,6,3,5,5,1,5,1,7,4,4,1,1,6,1,2
紧张,1,4,1,1,6,3,4,4,2,6,6,7,4,5,5,6,3,5,5,2,5,1,6,4,6,1,2,7,1,4
险要,3,6,5,1,1,3,5,4,3,7,4,6,5,2,7,7,3,5,5,6,6,1,6,7,6,6,7,7,7,5
廉洁,1,1,1,1,3,2,1,1,1,3,1,4,2,6,1,5,3,5,5,1,5,1,5,4,4,1,4,4,1,3
茂盛,7,6,7,6,5,6,6,5,6,7,6,7,7,7,7,7,7,5,5,7,6,7,7,4,7,7,6,7,7,6
沙哑,2,3,1,1,1,2,3,1,1,3,6,5,2,5,2,7,3,4,7,1,4,2,6,7,3,2,5,5,1,3
高兴,1,3,1,1,6,2,4,3,3,7,4,7,2,6,1,6,4,5,5,1,6,2,5,4,6,2,7,7,1,6
光荣,1,4,1,1,3,2,2,2,1,3,7,5,3,2,3,5,4,4,5,1,5,1,2,4,2,1,5,6,1,3
惭愧,1,3,1,1,5,3,1,1,3,3,4,5,2,2,2,6,3,6,5,1,5,1,5,4,5,1,5,6,1,3
清淡,1,3,1,2,2,3,2,5,2,4,7,7,5,4,6,6,3,5,5,5,5,5,6,4,3,2,5,6,3,7
镇静,1,4,1,1,2,2,3,2,4,3,6,7,3,4,5,6,2,5,4,1,5,1,5,4,6,1,3,7,1,4
健康,1,3,1,2,4,4,4,6,4,5,6,6,6,2,5,6,3,4,5,3,5,4,7,4,3,4,6,4,3,5
细腻,5,3,3,2,6,6,4,5,5,2,4,6,6,6,7,7,6,6,5,1,5,6,6,4,6,1,4,4,7,6
直率,1,4,1,1,3,3,3,2,1,4,4,4,2,3,5,5,4,6,5,1,5,1,6,4,3,1,2,5,2,1
黑暗,2,6,7,4,3,7,5,5,5,7,7,7,7,7,5,7,7,4,7,3,5,5,7,4,5,5,7,7,6,7
细,7,7,1,7,5,5,5,7,6,7,7,7,7,7,7,7,6,5,7,7,6,7,7,7,5,6,7,7,7,7
积极,1,3,1,1,1,2,1,2,1,5,6,7,2,2,3,6,3,4,4,1,4,1,4,4,5,4,4,6,1,4
豪华,5,7,1,1,5,5,5,6,6,7,7,7,5,6,5,6,3,5,5,2,6,6,6,4,7,1,6,6,6,6
热情,1,2,1,1,5,2,5,4,1,2,4,7,2,6,1,6,4,3,5,1,5,1,6,4,3,4,6,6,1,4
温柔,1,4,1,1,5,2,5,2,3,2,6,5,4,5,1,6,3,4,5,1,5,1,6,4,6,2,3,6,6,3
高尚,1,4,1,1,2,3,2,3,2,4,2,4,2,2,1,5,4,5,5,1,5,1,3,4,3,2,3,3,1,2
普通,6,4,5,4,4,3,2,6,4,2,4,7,6,4,4,5,4,4,5,6,6,4,6,4,3,1,4,4,6,3
合格,5,2,1,2,4,3,5,3,2,3,5,6,4,2,3,5,3,4,4,1,5,2,6,4,2,2,4,5,2,4
瘦,4,7,5,3,6,7,6,7,7,7,7,7,7,7,7,7,7,5,7,7,6,7,7,4,4,6,7,7,7,7
忧愁,1,3,1,1,6,4,2,3,5,3,4,7,4,5,5,6,3,5,5,2,6,1,5,4,6,3,5,4,1,5
拘束,1,4,1,1,5,2,2,2,2,3,4,6,6,3,2,6,3,5,4,1,5,1,6,7,5,1,4,6,3,5
艰苦,1,3,1,1,1,2,2,3,5,2,5,6,2,6,5,5,3,5,5,1,5,1,6,4,2,2,3,7,1,3
疲倦,1,5,1,1,6,4,5,4,3,6,7,7,4,6,5,6,6,6,5,2,5,4,5,4,4,3,2,7,2,3
广泛,1,3,2,2,2,2,3,3,1,4,4,4,7,1,4,4,4,5,5,1,5,1,7,4,6,2,5,4,5,7
复杂,1,3,4,4,2,2,1,4,3,6,2,7,6,4,3,6,2,5,5,3,4,4,6,4,6,1,6,4,7,3
非法,1,1,1,2,2,2,1,1,1,2,4,5,2,2,1,7,3,4,5,1,4,1,6,4,7,1,6,5,1,3
机智,1,5,1,1,3,3,2,1,2,4,4,5,2,3,1,5,4,5,5,1,5,1,4,4,7,1,2,6,2,3
安全,1,3,1,4,4,2,3,5,1,4,6,7,4,4,2,7,3,4,5,2,6,3,6,4,5,2,3,6,2,4
乐观,1,4,1,1,5,4,1,1,2,7,5,4,2,2,3,6,3,5,5,1,5,1,5,4,6,2,4,6,1,2
有趣,1,4,1,4,4,3,2,3,1,6,5,5,2,3,2,6,4,3,5,2,5,3,5,4,5,3,5,5,5,1
刻薄,1,3,1,1,5,2,2,4,4,2,7,7,2,3,4,6,3,5,5,1,5,1,6,4,5,1,3,6,2,2
安静,1,4,1,1,5,2,2,1,1,4,6,7,2,4,3,5,3,5,5,1,5,3,7,4,6,1,6,4,1,3
得意,1,3,1,1,3,4,5,3,4,7,5,7,4,2,5,5,3,5,5,2,5,1,5,4,5,1,4,6,1,4
消瘦,1,7,5,2,6,6,5,6,7,7,7,7,7,6,7,7,6,6,7,6,6,7,6,4,4,7,7,7,6,7
敌对,1,4,1,1,4,2,1,2,2,4,5,4,2,2,5,6,4,4,5,1,5,1,5,4,4,1,4,6,2,2
严肃,1,5,1,3,6,2,1,1,4,7,5,7,6,4,5,6,3,4,5,2,5,1,5,4,7,1,4,7,1,3
民主,1,4,1,1,1,3,2,1,1,2,1,4,2,1,3,5,3,7,5,1,5,1,3,4,3,1,4,5,1,2
认真,1,5,6,1,3,2,2,1,3,6,4,7,3,3,5,5,3,5,5,2,5,1,5,4,2,1,5,6,2,2
蓝,7,7,7,7,6,7,7,7,6,7,7,7,7,7,7,7,7,5,7,7,7,7,7,7,7,7,7,7,7,7
急切,1,3,1,1,6,3,3,2,3,2,5,7,2,2,3,5,3,5,5,1,6,1,6,4,3,1,4,6,2,4
